path_a,path_b,label
raw_datasets_terracepacels/siamese_terrace_33/IMG20260423181336.jpg,raw_datasets_terracepacels/siamese_terrace_33/IMG20260423181345.jpg,1
raw_datasets_terracepacels/siamese_terrace_45/IMG20260424102013.jpg,raw_datasets_terracepacels/siamese_terrace_45/IMG20260424102024.jpg,1
raw_datasets_terracepacels/siamese_terrace_79/IMG20260424111327.jpg,raw_datasets_terracepacels/siamese_terrace_79/IMG20260424111332.jpg,1
raw_datasets_terracepacels/siamese_terrace_9/IMG20260423173738.jpg,raw_datasets_terracepacels/siamese_terrace_8/IMG20260423173641.jpg,0
raw_datasets_terracepacels/siamese_terrace_10/IMG20260423173810.jpg,raw_datasets_terracepacels/siamese_terrace_10/IMG20260423173834.jpg,1
raw_datasets_terracepacels/siamese_terrace_91/IMG20260424113100.jpg,raw_datasets_terracepacels/siamese_terrace_59/IMG20260424104318.jpg,0
raw_datasets_terracepacels/siamese_terrace_94/IMG20260424113307.jpg,raw_datasets_terracepacels/siamese_terrace_65/IMG20260424105655.jpg,0
raw_datasets_terracepacels/siamese_terrace_5/IMG20260423172945.jpg,raw_datasets_terracepacels/siamese_terrace_5/IMG20260423172951.jpg,1
raw_datasets_terracepacels/siamese_terrace_11/IMG20260423174033.jpg,raw_datasets_terracepacels/siamese_terrace_4/IMG20260423172843.jpg,0
raw_datasets_terracepacels/siamese_terrace_26/IMG20260423180020.jpg,raw_datasets_terracepacels/siamese_terrace_26/IMG20260423180027.jpg,1
raw_datasets_terracepacels/siamese_terrace_36/IMG20260423181612.jpg,raw_datasets_terracepacels/siamese_terrace_36/IMG20260423181617.jpg,1
raw_datasets_terracepacels/siamese_terrace_17/IMG20260423175308.jpg,raw_datasets_terracepacels/siamese_terrace_14/IMG20260423174924.jpg,0
raw_datasets_terracepacels/siamese_terrace_57/IMG20260424103908.jpg,raw_datasets_terracepacels/siamese_terrace_57/IMG20260424103938.jpg,1
raw_datasets_terracepacels/siamese_terrace_69/IMG20260424110126.jpg,raw_datasets_terracepacels/siamese_terrace_69/IMG20260424110152.jpg,1
raw_datasets_terracepacels/siamese_terrace_85/IMG20260424112556.jpg,raw_datasets_terracepacels/siamese_terrace_85/IMG20260424112604.jpg,1
raw_datasets_terracepacels/siamese_terrace_21/IMG20260423175625.jpg,raw_datasets_terracepacels/siamese_terrace_21/IMG20260423175632.jpg,1
raw_datasets_terracepacels/siamese_terrace_95/IMG20260424113327.jpg,raw_datasets_terracepacels/siamese_terrace_95/IMG20260424113345.jpg,1
raw_datasets_terracepacels/siamese_terrace_83/IMG20260424112417.jpg,raw_datasets_terracepacels/siamese_terrace_36/IMG20260423181622.jpg,0
raw_datasets_terracepacels/siamese_terrace_72/IMG20260424110650.jpg,raw_datasets_terracepacels/siamese_terrace_72/IMG20260424110657.jpg,1
raw_datasets_terracepacels/siamese_terrace_40/IMG20260424101236.jpg,raw_datasets_terracepacels/siamese_terrace_84/IMG20260424112511.jpg,0
raw_datasets_terracepacels/siamese_terrace_29/IMG20260423180917.jpg,raw_datasets_terracepacels/siamese_terrace_47/IMG20260424102216.jpg,0
raw_datasets_terracepacels/siamese_terrace_78/IMG20260424111214.jpg,raw_datasets_terracepacels/siamese_terrace_37/IMG20260424101003.jpg,0
raw_datasets_terracepacels/siamese_terrace_89/IMG20260424112927.jpg,raw_datasets_terracepacels/siamese_terrace_58/IMG20260424104148.jpg,0
raw_datasets_terracepacels/siamese_terrace_49/IMG20260424102436.jpg,raw_datasets_terracepacels/siamese_terrace_49/IMG20260424102450.jpg,1
raw_datasets_terracepacels/siamese_terrace_4/IMG20260423172859.jpg,raw_datasets_terracepacels/siamese_terrace_4/IMG20260423172911.jpg,1
raw_datasets_terracepacels/siamese_terrace_42/IMG20260424101537.jpg,raw_datasets_terracepacels/siamese_terrace_42/IMG20260424101611.jpg,1
raw_datasets_terracepacels/siamese_terrace_39/IMG20260424101132.jpg,raw_datasets_terracepacels/siamese_terrace_78/IMG20260424111214.jpg,0
raw_datasets_terracepacels/siamese_terrace_56/IMG20260424103741.jpg,raw_datasets_terracepacels/siamese_terrace_24/IMG20260423175834.jpg,0
raw_datasets_terracepacels/siamese_terrace_59/IMG20260424104255.jpg,raw_datasets_terracepacels/siamese_terrace_15/IMG20260423175026.jpg,0
raw_datasets_terracepacels/siamese_terrace_36/IMG20260423181617.jpg,raw_datasets_terracepacels/siamese_terrace_78/IMG20260424111227.jpg,0
raw_datasets_terracepacels/siamese_terrace_70/IMG20260424110406.jpg,raw_datasets_terracepacels/siamese_terrace_70/IMG20260424110418.jpg,1
raw_datasets_terracepacels/siamese_terrace_7/IMG20260423173219.jpg,raw_datasets_terracepacels/siamese_terrace_45/IMG20260424102043.jpg,0
raw_datasets_terracepacels/siamese_terrace_84/IMG20260424112456.jpg,raw_datasets_terracepacels/siamese_terrace_75/IMG20260424110938.jpg,0
raw_datasets_terracepacels/siamese_terrace_85/IMG20260424112542.jpg,raw_datasets_terracepacels/siamese_terrace_84/IMG20260424112511.jpg,0
raw_datasets_terracepacels/siamese_terrace_41/IMG20260424101333.jpg,raw_datasets_terracepacels/siamese_terrace_41/IMG20260424101349.jpg,1
raw_datasets_terracepacels/siamese_terrace_53/IMG20260424103036.jpg,raw_datasets_terracepacels/siamese_terrace_33/IMG20260423181345.jpg,0
raw_datasets_terracepacels/siamese_terrace_1/IMG20260423172324.jpg,raw_datasets_terracepacels/siamese_terrace_1/IMG20260423172352.jpg,1
raw_datasets_terracepacels/siamese_terrace_51/IMG20260424102919.jpg,raw_datasets_terracepacels/siamese_terrace_79/IMG20260424111321.jpg,0
raw_datasets_terracepacels/siamese_terrace_91/IMG20260424113100.jpg,raw_datasets_terracepacels/siamese_terrace_88/IMG20260424112835.jpg,0
raw_datasets_terracepacels/siamese_terrace_89/IMG20260424112941.jpg,raw_datasets_terracepacels/siamese_terrace_55/IMG20260424103533.jpg,0
raw_datasets_terracepacels/siamese_terrace_5/IMG20260423172959.jpg,raw_datasets_terracepacels/siamese_terrace_13/IMG20260423174826.jpg,0
raw_datasets_terracepacels/siamese_terrace_49/IMG20260424102443.jpg,raw_datasets_terracepacels/siamese_terrace_49/IMG20260424102458.jpg,1
raw_datasets_terracepacels/siamese_terrace_95/IMG20260424113352.jpg,raw_datasets_terracepacels/siamese_terrace_90/IMG20260424113011.jpg,0
raw_datasets_terracepacels/siamese_terrace_73/IMG20260424110801.jpg,raw_datasets_terracepacels/siamese_terrace_31/IMG20260423181047.jpg,0
raw_datasets_terracepacels/siamese_terrace_91/IMG20260424113053.jpg,raw_datasets_terracepacels/siamese_terrace_65/IMG20260424105655.jpg,0
raw_datasets_terracepacels/siamese_terrace_3/IMG20260423172551.jpg,raw_datasets_terracepacels/siamese_terrace_38/IMG20260424101037.jpg,0
raw_datasets_terracepacels/siamese_terrace_87/IMG20260424112811.jpg,raw_datasets_terracepacels/siamese_terrace_87/IMG20260424112819.jpg,1
raw_datasets_terracepacels/siamese_terrace_42/IMG20260424101557.jpg,raw_datasets_terracepacels/siamese_terrace_42/IMG20260424101606.jpg,1
raw_datasets_terracepacels/siamese_terrace_39/IMG20260424101146.jpg,raw_datasets_terracepacels/siamese_terrace_66/IMG20260424105818.jpg,0
raw_datasets_terracepacels/siamese_terrace_91/IMG20260424113053.jpg,raw_datasets_terracepacels/siamese_terrace_93/IMG20260424113222.jpg,0
raw_datasets_terracepacels/siamese_terrace_77/IMG20260424111139.jpg,raw_datasets_terracepacels/siamese_terrace_22/IMG20260423175721.jpg,0
raw_datasets_terracepacels/siamese_terrace_15/IMG20260423175006.jpg,raw_datasets_terracepacels/siamese_terrace_3/IMG20260423172535.jpg,0
raw_datasets_terracepacels/siamese_terrace_20/IMG20260423175504.jpg,raw_datasets_terracepacels/siamese_terrace_12/IMG20260423174726.jpg,0
raw_datasets_terracepacels/siamese_terrace_49/IMG20260424102436.jpg,raw_datasets_terracepacels/siamese_terrace_49/IMG20260424102458.jpg,1
raw_datasets_terracepacels/siamese_terrace_78/IMG20260424111159.jpg,raw_datasets_terracepacels/siamese_terrace_78/IMG20260424111227.jpg,1
raw_datasets_terracepacels/siamese_terrace_48/IMG20260424102300.jpg,raw_datasets_terracepacels/siamese_terrace_48/IMG20260424102306.jpg,1
raw_datasets_terracepacels/siamese_terrace_19/IMG20260423175419.jpg,raw_datasets_terracepacels/siamese_terrace_19/IMG20260423175432.jpg,1
raw_datasets_terracepacels/siamese_terrace_1/IMG20260423172343.jpg,raw_datasets_terracepacels/siamese_terrace_31/IMG20260423181038.jpg,0
raw_datasets_terracepacels/siamese_terrace_13/IMG20260423174812.jpg,raw_datasets_terracepacels/siamese_terrace_13/IMG20260423174816.jpg,1
raw_datasets_terracepacels/siamese_terrace_22/IMG20260423175721.jpg,raw_datasets_terracepacels/siamese_terrace_22/IMG20260423175727.jpg,1
raw_datasets_terracepacels/siamese_terrace_33/IMG20260423181336.jpg,raw_datasets_terracepacels/siamese_terrace_33/IMG20260423181349.jpg,1
raw_datasets_terracepacels/siamese_terrace_89/IMG20260424112927.jpg,raw_datasets_terracepacels/siamese_terrace_89/IMG20260424112941.jpg,1
raw_datasets_terracepacels/siamese_terrace_94/IMG20260424113253.jpg,raw_datasets_terracepacels/siamese_terrace_94/IMG20260424113300.jpg,1
raw_datasets_terracepacels/siamese_terrace_1/IMG20260423172338.jpg,raw_datasets_terracepacels/siamese_terrace_30/IMG20260423181004.jpg,0
raw_datasets_terracepacels/siamese_terrace_54/IMG20260424103337.jpg,raw_datasets_terracepacels/siamese_terrace_59/IMG20260424104308.jpg,0
raw_datasets_terracepacels/siamese_terrace_26/IMG20260423180006.jpg,raw_datasets_terracepacels/siamese_terrace_73/IMG20260424110751.jpg,0
raw_datasets_terracepacels/siamese_terrace_87/IMG20260424112802.jpg,raw_datasets_terracepacels/siamese_terrace_76/IMG20260424111022.jpg,0
raw_datasets_terracepacels/siamese_terrace_14/IMG20260423174902.jpg,raw_datasets_terracepacels/siamese_terrace_30/IMG20260423181007.jpg,0
raw_datasets_terracepacels/siamese_terrace_17/IMG20260423175314.jpg,raw_datasets_terracepacels/siamese_terrace_17/IMG20260423175319.jpg,1
raw_datasets_terracepacels/siamese_terrace_55/IMG20260424103541.jpg,raw_datasets_terracepacels/siamese_terrace_40/IMG20260424101227.jpg,0
raw_datasets_terracepacels/siamese_terrace_84/IMG20260424112449.jpg,raw_datasets_terracepacels/siamese_terrace_91/IMG20260424113108.jpg,0
raw_datasets_terracepacels/siamese_terrace_56/IMG20260424103727.jpg,raw_datasets_terracepacels/siamese_terrace_56/IMG20260424103747.jpg,1
raw_datasets_terracepacels/siamese_terrace_42/IMG20260424101606.jpg,raw_datasets_terracepacels/siamese_terrace_42/IMG20260424101611.jpg,1
raw_datasets_terracepacels/siamese_terrace_8/IMG20260423173622.jpg,raw_datasets_terracepacels/siamese_terrace_7/IMG20260423173219.jpg,0
raw_datasets_terracepacels/siamese_terrace_94/IMG20260424113300.jpg,raw_datasets_terracepacels/siamese_terrace_40/IMG20260424101227.jpg,0
raw_datasets_terracepacels/siamese_terrace_79/IMG20260424111338.jpg,raw_datasets_terracepacels/siamese_terrace_81/IMG20260424111430.jpg,0
raw_datasets_terracepacels/siamese_terrace_86/IMG20260424112656.jpg,raw_datasets_terracepacels/siamese_terrace_85/IMG20260424112542.jpg,0
raw_datasets_terracepacels/siamese_terrace_49/IMG20260424102436.jpg,raw_datasets_terracepacels/siamese_terrace_35/IMG20260423181528.jpg,0
raw_datasets_terracepacels/siamese_terrace_69/IMG20260424110146.jpg,raw_datasets_terracepacels/siamese_terrace_69/IMG20260424110203.jpg,1
raw_datasets_terracepacels/siamese_terrace_87/IMG20260424112802.jpg,raw_datasets_terracepacels/siamese_terrace_8/IMG20260423173622.jpg,0
raw_datasets_terracepacels/siamese_terrace_33/IMG20260423181329.jpg,raw_datasets_terracepacels/siamese_terrace_10/IMG20260423173821.jpg,0
raw_datasets_terracepacels/siamese_terrace_66/IMG20260424105829.jpg,raw_datasets_terracepacels/siamese_terrace_66/IMG20260424105835.jpg,1
raw_datasets_terracepacels/siamese_terrace_77/IMG20260424111120.jpg,raw_datasets_terracepacels/siamese_terrace_77/IMG20260424111139.jpg,1
raw_datasets_terracepacels/siamese_terrace_22/IMG20260423175721.jpg,raw_datasets_terracepacels/siamese_terrace_23/IMG20260423175820.jpg,0
raw_datasets_terracepacels/siamese_terrace_33/IMG20260423181349.jpg,raw_datasets_terracepacels/siamese_terrace_50/IMG20260424102608.jpg,0
raw_datasets_terracepacels/siamese_terrace_13/IMG20260423174812.jpg,raw_datasets_terracepacels/siamese_terrace_67/IMG20260424105911.jpg,0
raw_datasets_terracepacels/siamese_terrace_50/IMG20260424102601.jpg,raw_datasets_terracepacels/siamese_terrace_93/IMG20260424113234.jpg,0
raw_datasets_terracepacels/siamese_terrace_48/IMG20260424102306.jpg,raw_datasets_terracepacels/siamese_terrace_48/IMG20260424102315.jpg,1
raw_datasets_terracepacels/siamese_terrace_5/IMG20260423172945.jpg,raw_datasets_terracepacels/siamese_terrace_5/IMG20260423172959.jpg,1
raw_datasets_terracepacels/siamese_terrace_76/IMG20260424111022.jpg,raw_datasets_terracepacels/siamese_terrace_23/IMG20260423175804.jpg,0
raw_datasets_terracepacels/siamese_terrace_17/IMG20260423175308.jpg,raw_datasets_terracepacels/siamese_terrace_83/IMG20260424112417.jpg,0
raw_datasets_terracepacels/siamese_terrace_83/IMG20260424112407.jpg,raw_datasets_terracepacels/siamese_terrace_83/IMG20260424112417.jpg,1
raw_datasets_terracepacels/siamese_terrace_51/IMG20260424102904.jpg,raw_datasets_terracepacels/siamese_terrace_4/IMG20260423172859.jpg,0
raw_datasets_terracepacels/siamese_terrace_9/IMG20260423173721.jpg,raw_datasets_terracepacels/siamese_terrace_9/IMG20260423173730.jpg,1
raw_datasets_terracepacels/siamese_terrace_30/IMG20260423181007.jpg,raw_datasets_terracepacels/siamese_terrace_30/IMG20260423181024.jpg,1
raw_datasets_terracepacels/siamese_terrace_37/IMG20260424100955.jpg,raw_datasets_terracepacels/siamese_terrace_37/IMG20260424101003.jpg,1
raw_datasets_terracepacels/siamese_terrace_44/IMG20260424101815.jpg,raw_datasets_terracepacels/siamese_terrace_44/IMG20260424101827.jpg,1
raw_datasets_terracepacels/siamese_terrace_22/IMG20260423175721.jpg,raw_datasets_terracepacels/siamese_terrace_35/IMG20260423181521.jpg,0
raw_datasets_terracepacels/siamese_terrace_13/IMG20260423174812.jpg,raw_datasets_terracepacels/siamese_terrace_10/IMG20260423173827.jpg,0
raw_datasets_terracepacels/siamese_terrace_76/IMG20260424111038.jpg,raw_datasets_terracepacels/siamese_terrace_40/IMG20260424101251.jpg,0
raw_datasets_terracepacels/siamese_terrace_36/IMG20260423181555.jpg,raw_datasets_terracepacels/siamese_terrace_36/IMG20260423181617.jpg,1
raw_datasets_terracepacels/siamese_terrace_42/IMG20260424101557.jpg,raw_datasets_terracepacels/siamese_terrace_83/IMG20260424112424.jpg,0
raw_datasets_terracepacels/siamese_terrace_40/IMG20260424101245.jpg,raw_datasets_terracepacels/siamese_terrace_58/IMG20260424104214.jpg,0
raw_datasets_terracepacels/siamese_terrace_78/IMG20260424111208.jpg,raw_datasets_terracepacels/siamese_terrace_78/IMG20260424111218.jpg,1
raw_datasets_terracepacels/siamese_terrace_30/IMG20260423181007.jpg,raw_datasets_terracepacels/siamese_terrace_86/IMG20260424112702.jpg,0
raw_datasets_terracepacels/siamese_terrace_25/IMG20260423175926.jpg,raw_datasets_terracepacels/siamese_terrace_81/IMG20260424111437.jpg,0
raw_datasets_terracepacels/siamese_terrace_85/IMG20260424112536.jpg,raw_datasets_terracepacels/siamese_terrace_81/IMG20260424111453.jpg,0
raw_datasets_terracepacels/siamese_terrace_50/IMG20260424102555.jpg,raw_datasets_terracepacels/siamese_terrace_50/IMG20260424102622.jpg,1
raw_datasets_terracepacels/siamese_terrace_14/IMG20260423174902.jpg,raw_datasets_terracepacels/siamese_terrace_14/IMG20260423174918.jpg,1
raw_datasets_terracepacels/siamese_terrace_95/IMG20260424113335.jpg,raw_datasets_terracepacels/siamese_terrace_95/IMG20260424113341.jpg,1
raw_datasets_terracepacels/siamese_terrace_25/IMG20260423175935.jpg,raw_datasets_terracepacels/siamese_terrace_25/IMG20260423175950.jpg,1
raw_datasets_terracepacels/siamese_terrace_36/IMG20260423181602.jpg,raw_datasets_terracepacels/siamese_terrace_77/IMG20260424111151.jpg,0
raw_datasets_terracepacels/siamese_terrace_24/IMG20260423175834.jpg,raw_datasets_terracepacels/siamese_terrace_52/IMG20260424102953.jpg,0
raw_datasets_terracepacels/siamese_terrace_15/IMG20260423175026.jpg,raw_datasets_terracepacels/siamese_terrace_91/IMG20260424113112.jpg,0
raw_datasets_terracepacels/siamese_terrace_49/IMG20260424102450.jpg,raw_datasets_terracepacels/siamese_terrace_65/IMG20260424105706.jpg,0
raw_datasets_terracepacels/siamese_terrace_76/IMG20260424111022.jpg,raw_datasets_terracepacels/siamese_terrace_86/IMG20260424112656.jpg,0
raw_datasets_terracepacels/siamese_terrace_52/IMG20260424102935.jpg,raw_datasets_terracepacels/siamese_terrace_47/IMG20260424102216.jpg,0
raw_datasets_terracepacels/siamese_terrace_29/IMG20260423180912.jpg,raw_datasets_terracepacels/siamese_terrace_29/IMG20260423180930.jpg,1
raw_datasets_terracepacels/siamese_terrace_3/IMG20260423172535.jpg,raw_datasets_terracepacels/siamese_terrace_48/IMG20260424102321.jpg,0
raw_datasets_terracepacels/siamese_terrace_24/IMG20260423175852.jpg,raw_datasets_terracepacels/siamese_terrace_38/IMG20260424101101.jpg,0
raw_datasets_terracepacels/siamese_terrace_30/IMG20260423181004.jpg,raw_datasets_terracepacels/siamese_terrace_30/IMG20260423181013.jpg,1
raw_datasets_terracepacels/siamese_terrace_35/IMG20260423181516.jpg,raw_datasets_terracepacels/siamese_terrace_91/IMG20260424113100.jpg,0
raw_datasets_terracepacels/siamese_terrace_15/IMG20260423175026.jpg,raw_datasets_terracepacels/siamese_terrace_45/IMG20260424102033.jpg,0
raw_datasets_terracepacels/siamese_terrace_82/IMG20260424111536.jpg,raw_datasets_terracepacels/siamese_terrace_95/IMG20260424113335.jpg,0
raw_datasets_terracepacels/siamese_terrace_45/IMG20260424102043.jpg,raw_datasets_terracepacels/siamese_terrace_49/IMG20260424102443.jpg,0
raw_datasets_terracepacels/siamese_terrace_84/IMG20260424112502.jpg,raw_datasets_terracepacels/siamese_terrace_87/IMG20260424112802.jpg,0
raw_datasets_terracepacels/siamese_terrace_94/IMG20260424113300.jpg,raw_datasets_terracepacels/siamese_terrace_94/IMG20260424113311.jpg,1
raw_datasets_terracepacels/siamese_terrace_69/IMG20260424110159.jpg,raw_datasets_terracepacels/siamese_terrace_69/IMG20260424110203.jpg,1
raw_datasets_terracepacels/siamese_terrace_65/IMG20260424105712.jpg,raw_datasets_terracepacels/siamese_terrace_12/IMG20260423174707.jpg,0
raw_datasets_terracepacels/siamese_terrace_55/IMG20260424103533.jpg,raw_datasets_terracepacels/siamese_terrace_55/IMG20260424103555.jpg,1
raw_datasets_terracepacels/siamese_terrace_54/IMG20260424103344.jpg,raw_datasets_terracepacels/siamese_terrace_54/IMG20260424103358.jpg,1
raw_datasets_terracepacels/siamese_terrace_78/IMG20260424111218.jpg,raw_datasets_terracepacels/siamese_terrace_31/IMG20260423181058.jpg,0
raw_datasets_terracepacels/siamese_terrace_36/IMG20260423181622.jpg,raw_datasets_terracepacels/siamese_terrace_70/IMG20260424110406.jpg,0
raw_datasets_terracepacels/siamese_terrace_86/IMG20260424112647.jpg,raw_datasets_terracepacels/siamese_terrace_86/IMG20260424112656.jpg,1
raw_datasets_terracepacels/siamese_terrace_83/IMG20260424112358.jpg,raw_datasets_terracepacels/siamese_terrace_83/IMG20260424112412.jpg,1
raw_datasets_terracepacels/siamese_terrace_7/IMG20260423173227.jpg,raw_datasets_terracepacels/siamese_terrace_93/IMG20260424113222.jpg,0
raw_datasets_terracepacels/siamese_terrace_72/IMG20260424110703.jpg,raw_datasets_terracepacels/siamese_terrace_49/IMG20260424102450.jpg,0
raw_datasets_terracepacels/siamese_terrace_67/IMG20260424105927.jpg,raw_datasets_terracepacels/siamese_terrace_67/IMG20260424105942.jpg,1
raw_datasets_terracepacels/siamese_terrace_51/IMG20260424102858.jpg,raw_datasets_terracepacels/siamese_terrace_51/IMG20260424102904.jpg,1
raw_datasets_terracepacels/siamese_terrace_11/IMG20260423174019.jpg,raw_datasets_terracepacels/siamese_terrace_11/IMG20260423174033.jpg,1
raw_datasets_terracepacels/siamese_terrace_74/IMG20260424110838.jpg,raw_datasets_terracepacels/siamese_terrace_69/IMG20260424110159.jpg,0
raw_datasets_terracepacels/siamese_terrace_26/IMG20260423180006.jpg,raw_datasets_terracepacels/siamese_terrace_26/IMG20260423180011.jpg,1
raw_datasets_terracepacels/siamese_terrace_18/IMG20260423175353.jpg,raw_datasets_terracepacels/siamese_terrace_18/IMG20260423175402.jpg,1
raw_datasets_terracepacels/siamese_terrace_79/IMG20260424111321.jpg,raw_datasets_terracepacels/siamese_terrace_79/IMG20260424111332.jpg,1
raw_datasets_terracepacels/siamese_terrace_70/IMG20260424110443.jpg,raw_datasets_terracepacels/siamese_terrace_81/IMG20260424111442.jpg,0
raw_datasets_terracepacels/siamese_terrace_51/IMG20260424102909.jpg,raw_datasets_terracepacels/siamese_terrace_51/IMG20260424102919.jpg,1
raw_datasets_terracepacels/siamese_terrace_35/IMG20260423181516.jpg,raw_datasets_terracepacels/siamese_terrace_32/IMG20260423181159.jpg,0
raw_datasets_terracepacels/siamese_terrace_54/IMG20260424103350.jpg,raw_datasets_terracepacels/siamese_terrace_74/IMG20260424110850.jpg,0
raw_datasets_terracepacels/siamese_terrace_82/IMG20260424111516.jpg,raw_datasets_terracepacels/siamese_terrace_47/IMG20260424102216.jpg,0
raw_datasets_terracepacels/siamese_terrace_92/IMG20260424113145.jpg,raw_datasets_terracepacels/siamese_terrace_92/IMG20260424113150.jpg,1
raw_datasets_terracepacels/siamese_terrace_31/IMG20260423181038.jpg,raw_datasets_terracepacels/siamese_terrace_76/IMG20260424111038.jpg,0
raw_datasets_terracepacels/siamese_terrace_50/IMG20260424102547.jpg,raw_datasets_terracepacels/siamese_terrace_50/IMG20260424102555.jpg,1
raw_datasets_terracepacels/siamese_terrace_28/IMG20260423180412.jpg,raw_datasets_terracepacels/siamese_terrace_28/IMG20260423180419.jpg,1
raw_datasets_terracepacels/siamese_terrace_57/IMG20260424103932.jpg,raw_datasets_terracepacels/siamese_terrace_36/IMG20260423181602.jpg,0
raw_datasets_terracepacels/siamese_terrace_7/IMG20260423173219.jpg,raw_datasets_terracepacels/siamese_terrace_25/IMG20260423175950.jpg,0
raw_datasets_terracepacels/siamese_terrace_81/IMG20260424111442.jpg,raw_datasets_terracepacels/siamese_terrace_22/IMG20260423175727.jpg,0
raw_datasets_terracepacels/siamese_terrace_38/IMG20260424101049.jpg,raw_datasets_terracepacels/siamese_terrace_67/IMG20260424105936.jpg,0
raw_datasets_terracepacels/siamese_terrace_44/IMG20260424101831.jpg,raw_datasets_terracepacels/siamese_terrace_4/IMG20260423172859.jpg,0
raw_datasets_terracepacels/siamese_terrace_24/IMG20260423175838.jpg,raw_datasets_terracepacels/siamese_terrace_24/IMG20260423175852.jpg,1
raw_datasets_terracepacels/siamese_terrace_3/IMG20260423172527.jpg,raw_datasets_terracepacels/siamese_terrace_3/IMG20260423172551.jpg,1
raw_datasets_terracepacels/siamese_terrace_84/IMG20260424112511.jpg,raw_datasets_terracepacels/siamese_terrace_53/IMG20260424103028.jpg,0
raw_datasets_terracepacels/siamese_terrace_26/IMG20260423180000.jpg,raw_datasets_terracepacels/siamese_terrace_26/IMG20260423180020.jpg,1
raw_datasets_terracepacels/siamese_terrace_69/IMG20260424110126.jpg,raw_datasets_terracepacels/siamese_terrace_58/IMG20260424104148.jpg,0
raw_datasets_terracepacels/siamese_terrace_3/IMG20260423172520.jpg,raw_datasets_terracepacels/siamese_terrace_3/IMG20260423172527.jpg,1
raw_datasets_terracepacels/siamese_terrace_41/IMG20260424101333.jpg,raw_datasets_terracepacels/siamese_terrace_41/IMG20260424101342.jpg,1
raw_datasets_terracepacels/siamese_terrace_46/IMG20260424102114.jpg,raw_datasets_terracepacels/siamese_terrace_46/IMG20260424102134.jpg,1
raw_datasets_terracepacels/siamese_terrace_35/IMG20260423181459.jpg,raw_datasets_terracepacels/siamese_terrace_35/IMG20260423181510.jpg,1
raw_datasets_terracepacels/siamese_terrace_51/IMG20260424102858.jpg,raw_datasets_terracepacels/siamese_terrace_21/IMG20260423175650.jpg,0
raw_datasets_terracepacels/siamese_terrace_78/IMG20260424111159.jpg,raw_datasets_terracepacels/siamese_terrace_6/IMG20260423173051.jpg,0
raw_datasets_terracepacels/siamese_terrace_6/IMG20260423173100.jpg,raw_datasets_terracepacels/siamese_terrace_6/IMG20260423173113.jpg,1
raw_datasets_terracepacels/siamese_terrace_9/IMG20260423173738.jpg,raw_datasets_terracepacels/siamese_terrace_55/IMG20260424103548.jpg,0
raw_datasets_terracepacels/siamese_terrace_32/IMG20260423181145.jpg,raw_datasets_terracepacels/siamese_terrace_32/IMG20260423181208.jpg,1
raw_datasets_terracepacels/siamese_terrace_70/IMG20260424110418.jpg,raw_datasets_terracepacels/siamese_terrace_70/IMG20260424110443.jpg,1
raw_datasets_terracepacels/siamese_terrace_45/IMG20260424102024.jpg,raw_datasets_terracepacels/siamese_terrace_45/IMG20260424102050.jpg,1
raw_datasets_terracepacels/siamese_terrace_41/IMG20260424101357.jpg,raw_datasets_terracepacels/siamese_terrace_48/IMG20260424102321.jpg,0
raw_datasets_terracepacels/siamese_terrace_5/IMG20260423172945.jpg,raw_datasets_terracepacels/siamese_terrace_45/IMG20260424102033.jpg,0
raw_datasets_terracepacels/siamese_terrace_18/IMG20260423175353.jpg,raw_datasets_terracepacels/siamese_terrace_18/IMG20260423175358.jpg,1
raw_datasets_terracepacels/siamese_terrace_54/IMG20260424103330.jpg,raw_datasets_terracepacels/siamese_terrace_54/IMG20260424103337.jpg,1
raw_datasets_terracepacels/siamese_terrace_57/IMG20260424103926.jpg,raw_datasets_terracepacels/siamese_terrace_5/IMG20260423172959.jpg,0
raw_datasets_terracepacels/siamese_terrace_29/IMG20260423180917.jpg,raw_datasets_terracepacels/siamese_terrace_29/IMG20260423180930.jpg,1
raw_datasets_terracepacels/siamese_terrace_21/IMG20260423175625.jpg,raw_datasets_terracepacels/siamese_terrace_55/IMG20260424103548.jpg,0
raw_datasets_terracepacels/siamese_terrace_86/IMG20260424112635.jpg,raw_datasets_terracepacels/siamese_terrace_86/IMG20260424112656.jpg,1
raw_datasets_terracepacels/siamese_terrace_72/IMG20260424110657.jpg,raw_datasets_terracepacels/siamese_terrace_22/IMG20260423175739.jpg,0
raw_datasets_terracepacels/siamese_terrace_38/IMG20260424101043.jpg,raw_datasets_terracepacels/siamese_terrace_38/IMG20260424101057.jpg,1
raw_datasets_terracepacels/siamese_terrace_52/IMG20260424103001.jpg,raw_datasets_terracepacels/siamese_terrace_52/IMG20260424103008.jpg,1
raw_datasets_terracepacels/siamese_terrace_19/IMG20260423175419.jpg,raw_datasets_terracepacels/siamese_terrace_83/IMG20260424112358.jpg,0
raw_datasets_terracepacels/siamese_terrace_26/IMG20260423180011.jpg,raw_datasets_terracepacels/siamese_terrace_26/IMG20260423180020.jpg,1
raw_datasets_terracepacels/siamese_terrace_67/IMG20260424105911.jpg,raw_datasets_terracepacels/siamese_terrace_67/IMG20260424105922.jpg,1
raw_datasets_terracepacels/siamese_terrace_9/IMG20260423173721.jpg,raw_datasets_terracepacels/siamese_terrace_9/IMG20260423173727.jpg,1
raw_datasets_terracepacels/siamese_terrace_86/IMG20260424112647.jpg,raw_datasets_terracepacels/siamese_terrace_39/IMG20260424101146.jpg,0
raw_datasets_terracepacels/siamese_terrace_80/IMG20260424111347.jpg,raw_datasets_terracepacels/siamese_terrace_78/IMG20260424111214.jpg,0
raw_datasets_terracepacels/siamese_terrace_59/IMG20260424104246.jpg,raw_datasets_terracepacels/siamese_terrace_59/IMG20260424104303.jpg,1
raw_datasets_terracepacels/siamese_terrace_75/IMG20260424111001.jpg,raw_datasets_terracepacels/siamese_terrace_32/IMG20260423181145.jpg,0
raw_datasets_terracepacels/siamese_terrace_31/IMG20260423181105.jpg,raw_datasets_terracepacels/siamese_terrace_29/IMG20260423180923.jpg,0
raw_datasets_terracepacels/siamese_terrace_54/IMG20260424103337.jpg,raw_datasets_terracepacels/siamese_terrace_54/IMG20260424103358.jpg,1
raw_datasets_terracepacels/siamese_terrace_18/IMG20260423175358.jpg,raw_datasets_terracepacels/siamese_terrace_52/IMG20260424103001.jpg,0
raw_datasets_terracepacels/siamese_terrace_11/IMG20260423174019.jpg,raw_datasets_terracepacels/siamese_terrace_76/IMG20260424111038.jpg,0
raw_datasets_terracepacels/siamese_terrace_75/IMG20260424111001.jpg,raw_datasets_terracepacels/siamese_terrace_76/IMG20260424111044.jpg,0
raw_datasets_terracepacels/siamese_terrace_15/IMG20260423175031.jpg,raw_datasets_terracepacels/siamese_terrace_15/IMG20260423175038.jpg,1
raw_datasets_terracepacels/siamese_terrace_38/IMG20260424101049.jpg,raw_datasets_terracepacels/siamese_terrace_48/IMG20260424102321.jpg,0
raw_datasets_terracepacels/siamese_terrace_44/IMG20260424101821.jpg,raw_datasets_terracepacels/siamese_terrace_33/IMG20260423181329.jpg,0
raw_datasets_terracepacels/siamese_terrace_83/IMG20260424112358.jpg,raw_datasets_terracepacels/siamese_terrace_88/IMG20260424112842.jpg,0
raw_datasets_terracepacels/siamese_terrace_41/IMG20260424101349.jpg,raw_datasets_terracepacels/siamese_terrace_41/IMG20260424101357.jpg,1
raw_datasets_terracepacels/siamese_terrace_46/IMG20260424102109.jpg,raw_datasets_terracepacels/siamese_terrace_46/IMG20260424102134.jpg,1
raw_datasets_terracepacels/siamese_terrace_41/IMG20260424101333.jpg,raw_datasets_terracepacels/siamese_terrace_73/IMG20260424110733.jpg,0
raw_datasets_terracepacels/siamese_terrace_18/IMG20260423175353.jpg,raw_datasets_terracepacels/siamese_terrace_69/IMG20260424110159.jpg,0
raw_datasets_terracepacels/siamese_terrace_39/IMG20260424101154.jpg,raw_datasets_terracepacels/siamese_terrace_39/IMG20260424101203.jpg,1
raw_datasets_terracepacels/siamese_terrace_88/IMG20260424112842.jpg,raw_datasets_terracepacels/siamese_terrace_30/IMG20260423181004.jpg,0
raw_datasets_terracepacels/siamese_terrace_10/IMG20260423173810.jpg,raw_datasets_terracepacels/siamese_terrace_43/IMG20260424101706.jpg,0
raw_datasets_terracepacels/siamese_terrace_89/IMG20260424112933.jpg,raw_datasets_terracepacels/siamese_terrace_22/IMG20260423175711.jpg,0
raw_datasets_terracepacels/siamese_terrace_49/IMG20260424102450.jpg,raw_datasets_terracepacels/siamese_terrace_49/IMG20260424102458.jpg,1
raw_datasets_terracepacels/siamese_terrace_82/IMG20260424111526.jpg,raw_datasets_terracepacels/siamese_terrace_43/IMG20260424101728.jpg,0
raw_datasets_terracepacels/siamese_terrace_53/IMG20260424103049.jpg,raw_datasets_terracepacels/siamese_terrace_55/IMG20260424103541.jpg,0
raw_datasets_terracepacels/siamese_terrace_25/IMG20260423175935.jpg,raw_datasets_terracepacels/siamese_terrace_25/IMG20260423175944.jpg,1
raw_datasets_terracepacels/siamese_terrace_29/IMG20260423180930.jpg,raw_datasets_terracepacels/siamese_terrace_29/IMG20260423180936.jpg,1
raw_datasets_terracepacels/siamese_terrace_22/IMG20260423175727.jpg,raw_datasets_terracepacels/siamese_terrace_79/IMG20260424111338.jpg,0
raw_datasets_terracepacels/siamese_terrace_30/IMG20260423181007.jpg,raw_datasets_terracepacels/siamese_terrace_47/IMG20260424102154.jpg,0
raw_datasets_terracepacels/siamese_terrace_33/IMG20260423181336.jpg,raw_datasets_terracepacels/siamese_terrace_18/IMG20260423175353.jpg,0
raw_datasets_terracepacels/siamese_terrace_24/IMG20260423175838.jpg,raw_datasets_terracepacels/siamese_terrace_73/IMG20260424110745.jpg,0
raw_datasets_terracepacels/siamese_terrace_84/IMG20260424112518.jpg,raw_datasets_terracepacels/siamese_terrace_15/IMG20260423175016.jpg,0
raw_datasets_terracepacels/siamese_terrace_13/IMG20260423174807.jpg,raw_datasets_terracepacels/siamese_terrace_42/IMG20260424101606.jpg,0
raw_datasets_terracepacels/siamese_terrace_49/IMG20260424102443.jpg,raw_datasets_terracepacels/siamese_terrace_1/IMG20260423172324.jpg,0
raw_datasets_terracepacels/siamese_terrace_83/IMG20260424112417.jpg,raw_datasets_terracepacels/siamese_terrace_83/IMG20260424112424.jpg,1
raw_datasets_terracepacels/siamese_terrace_70/IMG20260424110435.jpg,raw_datasets_terracepacels/siamese_terrace_49/IMG20260424102450.jpg,0
raw_datasets_terracepacels/siamese_terrace_11/IMG20260423174013.jpg,raw_datasets_terracepacels/siamese_terrace_42/IMG20260424101611.jpg,0
raw_datasets_terracepacels/siamese_terrace_91/IMG20260424113108.jpg,raw_datasets_terracepacels/siamese_terrace_39/IMG20260424101203.jpg,0
raw_datasets_terracepacels/siamese_terrace_46/IMG20260424102134.jpg,raw_datasets_terracepacels/siamese_terrace_53/IMG20260424103106.jpg,0
raw_datasets_terracepacels/siamese_terrace_18/IMG20260423175349.jpg,raw_datasets_terracepacels/siamese_terrace_18/IMG20260423175358.jpg,1
raw_datasets_terracepacels/siamese_terrace_52/IMG20260424102935.jpg,raw_datasets_terracepacels/siamese_terrace_52/IMG20260424102953.jpg,1
raw_datasets_terracepacels/siamese_terrace_37/IMG20260424101003.jpg,raw_datasets_terracepacels/siamese_terrace_37/IMG20260424101011.jpg,1
raw_datasets_terracepacels/siamese_terrace_55/IMG20260424103541.jpg,raw_datasets_terracepacels/siamese_terrace_55/IMG20260424103602.jpg,1
raw_datasets_terracepacels/siamese_terrace_45/IMG20260424102013.jpg,raw_datasets_terracepacels/siamese_terrace_51/IMG20260424102842.jpg,0
raw_datasets_terracepacels/siamese_terrace_46/IMG20260424102109.jpg,raw_datasets_terracepacels/siamese_terrace_46/IMG20260424102114.jpg,1
raw_datasets_terracepacels/siamese_terrace_76/IMG20260424111022.jpg,raw_datasets_terracepacels/siamese_terrace_76/IMG20260424111034.jpg,1
raw_datasets_terracepacels/siamese_terrace_47/IMG20260424102216.jpg,raw_datasets_terracepacels/siamese_terrace_14/IMG20260423174856.jpg,0
raw_datasets_terracepacels/siamese_terrace_40/IMG20260424101245.jpg,raw_datasets_terracepacels/siamese_terrace_40/IMG20260424101300.jpg,1
raw_datasets_terracepacels/siamese_terrace_85/IMG20260424112547.jpg,raw_datasets_terracepacels/siamese_terrace_58/IMG20260424104148.jpg,0
raw_datasets_terracepacels/siamese_terrace_64/IMG20260424105612.jpg,raw_datasets_terracepacels/siamese_terrace_64/IMG20260424105620.jpg,1
raw_datasets_terracepacels/siamese_terrace_13/IMG20260423174816.jpg,raw_datasets_terracepacels/siamese_terrace_40/IMG20260424101236.jpg,0
raw_datasets_terracepacels/siamese_terrace_95/IMG20260424113335.jpg,raw_datasets_terracepacels/siamese_terrace_5/IMG20260423172945.jpg,0
raw_datasets_terracepacels/siamese_terrace_10/IMG20260423173816.jpg,raw_datasets_terracepacels/siamese_terrace_10/IMG20260423173821.jpg,1
raw_datasets_terracepacels/siamese_terrace_87/IMG20260424112753.jpg,raw_datasets_terracepacels/siamese_terrace_87/IMG20260424112802.jpg,1
raw_datasets_terracepacels/siamese_terrace_51/IMG20260424102858.jpg,raw_datasets_terracepacels/siamese_terrace_80/IMG20260424111406.jpg,0
raw_datasets_terracepacels/siamese_terrace_35/IMG20260423181521.jpg,raw_datasets_terracepacels/siamese_terrace_84/IMG20260424112456.jpg,0
raw_datasets_terracepacels/siamese_terrace_56/IMG20260424103733.jpg,raw_datasets_terracepacels/siamese_terrace_14/IMG20260423174902.jpg,0
raw_datasets_terracepacels/siamese_terrace_24/IMG20260423175834.jpg,raw_datasets_terracepacels/siamese_terrace_24/IMG20260423175844.jpg,1
raw_datasets_terracepacels/siamese_terrace_37/IMG20260424101011.jpg,raw_datasets_terracepacels/siamese_terrace_36/IMG20260423181622.jpg,0
raw_datasets_terracepacels/siamese_terrace_59/IMG20260424104308.jpg,raw_datasets_terracepacels/siamese_terrace_59/IMG20260424104318.jpg,1
raw_datasets_terracepacels/siamese_terrace_57/IMG20260424103908.jpg,raw_datasets_terracepacels/siamese_terrace_57/IMG20260424103932.jpg,1
raw_datasets_terracepacels/siamese_terrace_21/IMG20260423175643.jpg,raw_datasets_terracepacels/siamese_terrace_21/IMG20260423175650.jpg,1
raw_datasets_terracepacels/siamese_terrace_31/IMG20260423181038.jpg,raw_datasets_terracepacels/siamese_terrace_31/IMG20260423181058.jpg,1
raw_datasets_terracepacels/siamese_terrace_47/IMG20260424102154.jpg,raw_datasets_terracepacels/siamese_terrace_20/IMG20260423175454.jpg,0
raw_datasets_terracepacels/siamese_terrace_28/IMG20260423180412.jpg,raw_datasets_terracepacels/siamese_terrace_32/IMG20260423181159.jpg,0
raw_datasets_terracepacels/siamese_terrace_65/IMG20260424105706.jpg,raw_datasets_terracepacels/siamese_terrace_65/IMG20260424105712.jpg,1
raw_datasets_terracepacels/siamese_terrace_73/IMG20260424110733.jpg,raw_datasets_terracepacels/siamese_terrace_73/IMG20260424110757.jpg,1
raw_datasets_terracepacels/siamese_terrace_89/IMG20260424112939.jpg,raw_datasets_terracepacels/siamese_terrace_29/IMG20260423180912.jpg,0
raw_datasets_terracepacels/siamese_terrace_10/IMG20260423173816.jpg,raw_datasets_terracepacels/siamese_terrace_10/IMG20260423173834.jpg,1
raw_datasets_terracepacels/siamese_terrace_67/IMG20260424105927.jpg,raw_datasets_terracepacels/siamese_terrace_79/IMG20260424111342.jpg,0
raw_datasets_terracepacels/siamese_terrace_45/IMG20260424102013.jpg,raw_datasets_terracepacels/siamese_terrace_95/IMG20260424113341.jpg,0
raw_datasets_terracepacels/siamese_terrace_80/IMG20260424111355.jpg,raw_datasets_terracepacels/siamese_terrace_48/IMG20260424102315.jpg,0
raw_datasets_terracepacels/siamese_terrace_58/IMG20260424104214.jpg,raw_datasets_terracepacels/siamese_terrace_95/IMG20260424113352.jpg,0
raw_datasets_terracepacels/siamese_terrace_41/IMG20260424101327.jpg,raw_datasets_terracepacels/siamese_terrace_67/IMG20260424105922.jpg,0
raw_datasets_terracepacels/siamese_terrace_72/IMG20260424110657.jpg,raw_datasets_terracepacels/siamese_terrace_72/IMG20260424110703.jpg,1
raw_datasets_terracepacels/siamese_terrace_78/IMG20260424111159.jpg,raw_datasets_terracepacels/siamese_terrace_78/IMG20260424111218.jpg,1
raw_datasets_terracepacels/siamese_terrace_49/IMG20260424102458.jpg,raw_datasets_terracepacels/siamese_terrace_50/IMG20260424102622.jpg,0
raw_datasets_terracepacels/siamese_terrace_14/IMG20260423174856.jpg,raw_datasets_terracepacels/siamese_terrace_20/IMG20260423175504.jpg,0
raw_datasets_terracepacels/siamese_terrace_64/IMG20260424105557.jpg,raw_datasets_terracepacels/siamese_terrace_64/IMG20260424105620.jpg,1
raw_datasets_terracepacels/siamese_terrace_5/IMG20260423172951.jpg,raw_datasets_terracepacels/siamese_terrace_5/IMG20260423173007.jpg,1
raw_datasets_terracepacels/siamese_terrace_17/IMG20260423175308.jpg,raw_datasets_terracepacels/siamese_terrace_17/IMG20260423175319.jpg,1
raw_datasets_terracepacels/siamese_terrace_90/IMG20260424113011.jpg,raw_datasets_terracepacels/siamese_terrace_67/IMG20260424105911.jpg,0
raw_datasets_terracepacels/siamese_terrace_94/IMG20260424113300.jpg,raw_datasets_terracepacels/siamese_terrace_94/IMG20260424113316.jpg,1
raw_datasets_terracepacels/siamese_terrace_8/IMG20260423173628.jpg,raw_datasets_terracepacels/siamese_terrace_8/IMG20260423173641.jpg,1
raw_datasets_terracepacels/siamese_terrace_64/IMG20260424105620.jpg,raw_datasets_terracepacels/siamese_terrace_64/IMG20260424105625.jpg,1
raw_datasets_terracepacels/siamese_terrace_89/IMG20260424112933.jpg,raw_datasets_terracepacels/siamese_terrace_89/IMG20260424112941.jpg,1
raw_datasets_terracepacels/siamese_terrace_44/IMG20260424101821.jpg,raw_datasets_terracepacels/siamese_terrace_44/IMG20260424101831.jpg,1
raw_datasets_terracepacels/siamese_terrace_54/IMG20260424103330.jpg,raw_datasets_terracepacels/siamese_terrace_72/IMG20260424110646.jpg,0
raw_datasets_terracepacels/siamese_terrace_7/IMG20260423173156.jpg,raw_datasets_terracepacels/siamese_terrace_7/IMG20260423173206.jpg,1
raw_datasets_terracepacels/siamese_terrace_40/IMG20260424101245.jpg,raw_datasets_terracepacels/siamese_terrace_40/IMG20260424101251.jpg,1
raw_datasets_terracepacels/siamese_terrace_21/IMG20260423175637.jpg,raw_datasets_terracepacels/siamese_terrace_4/IMG20260423172911.jpg,0
raw_datasets_terracepacels/siamese_terrace_89/IMG20260424112927.jpg,raw_datasets_terracepacels/siamese_terrace_94/IMG20260424113311.jpg,0
raw_datasets_terracepacels/siamese_terrace_3/IMG20260423172540.jpg,raw_datasets_terracepacels/siamese_terrace_15/IMG20260423175016.jpg,0
raw_datasets_terracepacels/siamese_terrace_70/IMG20260424110435.jpg,raw_datasets_terracepacels/siamese_terrace_20/IMG20260423175500.jpg,0
raw_datasets_terracepacels/siamese_terrace_95/IMG20260424113335.jpg,raw_datasets_terracepacels/siamese_terrace_72/IMG20260424110636.jpg,0
raw_datasets_terracepacels/siamese_terrace_50/IMG20260424102608.jpg,raw_datasets_terracepacels/siamese_terrace_50/IMG20260424102622.jpg,1
raw_datasets_terracepacels/siamese_terrace_79/IMG20260424111321.jpg,raw_datasets_terracepacels/siamese_terrace_79/IMG20260424111342.jpg,1
raw_datasets_terracepacels/siamese_terrace_81/IMG20260424111453.jpg,raw_datasets_terracepacels/siamese_terrace_23/IMG20260423175814.jpg,0
raw_datasets_terracepacels/siamese_terrace_95/IMG20260424113341.jpg,raw_datasets_terracepacels/siamese_terrace_42/IMG20260424101606.jpg,0
raw_datasets_terracepacels/siamese_terrace_42/IMG20260424101611.jpg,raw_datasets_terracepacels/siamese_terrace_67/IMG20260424105942.jpg,0
raw_datasets_terracepacels/siamese_terrace_14/IMG20260423174918.jpg,raw_datasets_terracepacels/siamese_terrace_14/IMG20260423174924.jpg,1
raw_datasets_terracepacels/siamese_terrace_76/IMG20260424111053.jpg,raw_datasets_terracepacels/siamese_terrace_95/IMG20260424113341.jpg,0
raw_datasets_terracepacels/siamese_terrace_83/IMG20260424112358.jpg,raw_datasets_terracepacels/siamese_terrace_83/IMG20260424112424.jpg,1
raw_datasets_terracepacels/siamese_terrace_51/IMG20260424102909.jpg,raw_datasets_terracepacels/siamese_terrace_35/IMG20260423181528.jpg,0
raw_datasets_terracepacels/siamese_terrace_45/IMG20260424102033.jpg,raw_datasets_terracepacels/siamese_terrace_37/IMG20260424100945.jpg,0
raw_datasets_terracepacels/siamese_terrace_75/IMG20260424110947.jpg,raw_datasets_terracepacels/siamese_terrace_11/IMG20260423174028.jpg,0
raw_datasets_terracepacels/siamese_terrace_59/IMG20260424104308.jpg,raw_datasets_terracepacels/siamese_terrace_85/IMG20260424112547.jpg,0
raw_datasets_terracepacels/siamese_terrace_73/IMG20260424110733.jpg,raw_datasets_terracepacels/siamese_terrace_73/IMG20260424110751.jpg,1
raw_datasets_terracepacels/siamese_terrace_20/IMG20260423175452.jpg,raw_datasets_terracepacels/siamese_terrace_20/IMG20260423175504.jpg,1
raw_datasets_terracepacels/siamese_terrace_43/IMG20260424101706.jpg,raw_datasets_terracepacels/siamese_terrace_43/IMG20260424101720.jpg,1
raw_datasets_terracepacels/siamese_terrace_12/IMG20260423174726.jpg,raw_datasets_terracepacels/siamese_terrace_90/IMG20260424113007.jpg,0
raw_datasets_terracepacels/siamese_terrace_6/IMG20260423173051.jpg,raw_datasets_terracepacels/siamese_terrace_6/IMG20260423173121.jpg,1
raw_datasets_terracepacels/siamese_terrace_82/IMG20260424111516.jpg,raw_datasets_terracepacels/siamese_terrace_82/IMG20260424111540.jpg,1
raw_datasets_terracepacels/siamese_terrace_50/IMG20260424102608.jpg,raw_datasets_terracepacels/siamese_terrace_43/IMG20260424101735.jpg,0
raw_datasets_terracepacels/siamese_terrace_38/IMG20260424101043.jpg,raw_datasets_terracepacels/siamese_terrace_54/IMG20260424103350.jpg,0
raw_datasets_terracepacels/siamese_terrace_51/IMG20260424102842.jpg,raw_datasets_terracepacels/siamese_terrace_51/IMG20260424102858.jpg,1
raw_datasets_terracepacels/siamese_terrace_10/IMG20260423173834.jpg,raw_datasets_terracepacels/siamese_terrace_78/IMG20260424111159.jpg,0
raw_datasets_terracepacels/siamese_terrace_4/IMG20260423172843.jpg,raw_datasets_terracepacels/siamese_terrace_4/IMG20260423172859.jpg,1
raw_datasets_terracepacels/siamese_terrace_93/IMG20260424113227.jpg,raw_datasets_terracepacels/siamese_terrace_93/IMG20260424113234.jpg,1
raw_datasets_terracepacels/siamese_terrace_41/IMG20260424101349.jpg,raw_datasets_terracepacels/siamese_terrace_30/IMG20260423181007.jpg,0
raw_datasets_terracepacels/siamese_terrace_3/IMG20260423172551.jpg,raw_datasets_terracepacels/siamese_terrace_17/IMG20260423175314.jpg,0
raw_datasets_terracepacels/siamese_terrace_32/IMG20260423181145.jpg,raw_datasets_terracepacels/siamese_terrace_32/IMG20260423181213.jpg,1
raw_datasets_terracepacels/siamese_terrace_1/IMG20260423172324.jpg,raw_datasets_terracepacels/siamese_terrace_1/IMG20260423172343.jpg,1
raw_datasets_terracepacels/siamese_terrace_44/IMG20260424101831.jpg,raw_datasets_terracepacels/siamese_terrace_44/IMG20260424101844.jpg,1
raw_datasets_terracepacels/siamese_terrace_80/IMG20260424111355.jpg,raw_datasets_terracepacels/siamese_terrace_80/IMG20260424111406.jpg,1
raw_datasets_terracepacels/siamese_terrace_9/IMG20260423173711.jpg,raw_datasets_terracepacels/siamese_terrace_9/IMG20260423173738.jpg,1
raw_datasets_terracepacels/siamese_terrace_67/IMG20260424105911.jpg,raw_datasets_terracepacels/siamese_terrace_67/IMG20260424105927.jpg,1
raw_datasets_terracepacels/siamese_terrace_92/IMG20260424113141.jpg,raw_datasets_terracepacels/siamese_terrace_92/IMG20260424113153.jpg,1
raw_datasets_terracepacels/siamese_terrace_72/IMG20260424110636.jpg,raw_datasets_terracepacels/siamese_terrace_72/IMG20260424110703.jpg,1
raw_datasets_terracepacels/siamese_terrace_8/IMG20260423173641.jpg,raw_datasets_terracepacels/siamese_terrace_8/IMG20260423173648.jpg,1
raw_datasets_terracepacels/siamese_terrace_42/IMG20260424101557.jpg,raw_datasets_terracepacels/siamese_terrace_7/IMG20260423173156.jpg,0
raw_datasets_terracepacels/siamese_terrace_39/IMG20260424101132.jpg,raw_datasets_terracepacels/siamese_terrace_39/IMG20260424101154.jpg,1
raw_datasets_terracepacels/siamese_terrace_38/IMG20260424101057.jpg,raw_datasets_terracepacels/siamese_terrace_51/IMG20260424102904.jpg,0
raw_datasets_terracepacels/siamese_terrace_28/IMG20260423180403.jpg,raw_datasets_terracepacels/siamese_terrace_28/IMG20260423180423.jpg,1
raw_datasets_terracepacels/siamese_terrace_39/IMG20260424101154.jpg,raw_datasets_terracepacels/siamese_terrace_1/IMG20260423172338.jpg,0
raw_datasets_terracepacels/siamese_terrace_23/IMG20260423175757.jpg,raw_datasets_terracepacels/siamese_terrace_23/IMG20260423175814.jpg,1
raw_datasets_terracepacels/siamese_terrace_86/IMG20260424112647.jpg,raw_datasets_terracepacels/siamese_terrace_86/IMG20260424112702.jpg,1
raw_datasets_terracepacels/siamese_terrace_25/IMG20260423175935.jpg,raw_datasets_terracepacels/siamese_terrace_25/IMG20260423175940.jpg,1
raw_datasets_terracepacels/siamese_terrace_45/IMG20260424102013.jpg,raw_datasets_terracepacels/siamese_terrace_45/IMG20260424102050.jpg,1
raw_datasets_terracepacels/siamese_terrace_41/IMG20260424101327.jpg,raw_datasets_terracepacels/siamese_terrace_41/IMG20260424101342.jpg,1
raw_datasets_terracepacels/siamese_terrace_36/IMG20260423181555.jpg,raw_datasets_terracepacels/siamese_terrace_36/IMG20260423181602.jpg,1
raw_datasets_terracepacels/siamese_terrace_88/IMG20260424112853.jpg,raw_datasets_terracepacels/siamese_terrace_87/IMG20260424112802.jpg,0
raw_datasets_terracepacels/siamese_terrace_93/IMG20260424113227.jpg,raw_datasets_terracepacels/siamese_terrace_73/IMG20260424110733.jpg,0
raw_datasets_terracepacels/siamese_terrace_70/IMG20260424110435.jpg,raw_datasets_terracepacels/siamese_terrace_51/IMG20260424102858.jpg,0
raw_datasets_terracepacels/siamese_terrace_64/IMG20260424105612.jpg,raw_datasets_terracepacels/siamese_terrace_64/IMG20260424105625.jpg,1
raw_datasets_terracepacels/siamese_terrace_9/IMG20260423173727.jpg,raw_datasets_terracepacels/siamese_terrace_56/IMG20260424103727.jpg,0
raw_datasets_terracepacels/siamese_terrace_64/IMG20260424105605.jpg,raw_datasets_terracepacels/siamese_terrace_64/IMG20260424105612.jpg,1
raw_datasets_terracepacels/siamese_terrace_70/IMG20260424110443.jpg,raw_datasets_terracepacels/siamese_terrace_38/IMG20260424101101.jpg,0
raw_datasets_terracepacels/siamese_terrace_53/IMG20260424103028.jpg,raw_datasets_terracepacels/siamese_terrace_53/IMG20260424103049.jpg,1
raw_datasets_terracepacels/siamese_terrace_5/IMG20260423172945.jpg,raw_datasets_terracepacels/siamese_terrace_5/IMG20260423173007.jpg,1
raw_datasets_terracepacels/siamese_terrace_94/IMG20260424113311.jpg,raw_datasets_terracepacels/siamese_terrace_74/IMG20260424110900.jpg,0
raw_datasets_terracepacels/siamese_terrace_46/IMG20260424102114.jpg,raw_datasets_terracepacels/siamese_terrace_46/IMG20260424102123.jpg,1
raw_datasets_terracepacels/siamese_terrace_20/IMG20260423175454.jpg,raw_datasets_terracepacels/siamese_terrace_43/IMG20260424101744.jpg,0
raw_datasets_terracepacels/siamese_terrace_48/IMG20260424102306.jpg,raw_datasets_terracepacels/siamese_terrace_53/IMG20260424103059.jpg,0
raw_datasets_terracepacels/siamese_terrace_55/IMG20260424103548.jpg,raw_datasets_terracepacels/siamese_terrace_52/IMG20260424103008.jpg,0
raw_datasets_terracepacels/siamese_terrace_48/IMG20260424102315.jpg,raw_datasets_terracepacels/siamese_terrace_5/IMG20260423172959.jpg,0
raw_datasets_terracepacels/siamese_terrace_1/IMG20260423172338.jpg,raw_datasets_terracepacels/siamese_terrace_1/IMG20260423172352.jpg,1
raw_datasets_terracepacels/siamese_terrace_90/IMG20260424113028.jpg,raw_datasets_terracepacels/siamese_terrace_19/IMG20260423175427.jpg,0
raw_datasets_terracepacels/siamese_terrace_19/IMG20260423175427.jpg,raw_datasets_terracepacels/siamese_terrace_76/IMG20260424111044.jpg,0
raw_datasets_terracepacels/siamese_terrace_56/IMG20260424103733.jpg,raw_datasets_terracepacels/siamese_terrace_56/IMG20260424103736.jpg,1
raw_datasets_terracepacels/siamese_terrace_33/IMG20260423181341.jpg,raw_datasets_terracepacels/siamese_terrace_80/IMG20260424111347.jpg,0
raw_datasets_terracepacels/siamese_terrace_69/IMG20260424110203.jpg,raw_datasets_terracepacels/siamese_terrace_83/IMG20260424112417.jpg,0
raw_datasets_terracepacels/siamese_terrace_21/IMG20260423175625.jpg,raw_datasets_terracepacels/siamese_terrace_20/IMG20260423175454.jpg,0
raw_datasets_terracepacels/siamese_terrace_49/IMG20260424102458.jpg,raw_datasets_terracepacels/siamese_terrace_5/IMG20260423172945.jpg,0
raw_datasets_terracepacels/siamese_terrace_22/IMG20260423175721.jpg,raw_datasets_terracepacels/siamese_terrace_35/IMG20260423181510.jpg,0
raw_datasets_terracepacels/siamese_terrace_80/IMG20260424111400.jpg,raw_datasets_terracepacels/siamese_terrace_70/IMG20260424110406.jpg,0
raw_datasets_terracepacels/siamese_terrace_85/IMG20260424112556.jpg,raw_datasets_terracepacels/siamese_terrace_64/IMG20260424105557.jpg,0
raw_datasets_terracepacels/siamese_terrace_7/IMG20260423173156.jpg,raw_datasets_terracepacels/siamese_terrace_46/IMG20260424102114.jpg,0
raw_datasets_terracepacels/siamese_terrace_32/IMG20260423181159.jpg,raw_datasets_terracepacels/siamese_terrace_32/IMG20260423181208.jpg,1
raw_datasets_terracepacels/siamese_terrace_14/IMG20260423174908.jpg,raw_datasets_terracepacels/siamese_terrace_14/IMG20260423174924.jpg,1
raw_datasets_terracepacels/siamese_terrace_56/IMG20260424103747.jpg,raw_datasets_terracepacels/siamese_terrace_12/IMG20260423174735.jpg,0
raw_datasets_terracepacels/siamese_terrace_4/IMG20260423172859.jpg,raw_datasets_terracepacels/siamese_terrace_4/IMG20260423172903.jpg,1
raw_datasets_terracepacels/siamese_terrace_77/IMG20260424111120.jpg,raw_datasets_terracepacels/siamese_terrace_77/IMG20260424111151.jpg,1
raw_datasets_terracepacels/siamese_terrace_80/IMG20260424111347.jpg,raw_datasets_terracepacels/siamese_terrace_9/IMG20260423173730.jpg,0
raw_datasets_terracepacels/siamese_terrace_87/IMG20260424112753.jpg,raw_datasets_terracepacels/siamese_terrace_79/IMG20260424111342.jpg,0
raw_datasets_terracepacels/siamese_terrace_48/IMG20260424102300.jpg,raw_datasets_terracepacels/siamese_terrace_48/IMG20260424102315.jpg,1
raw_datasets_terracepacels/siamese_terrace_26/IMG20260423180006.jpg,raw_datasets_terracepacels/siamese_terrace_26/IMG20260423180020.jpg,1
raw_datasets_terracepacels/siamese_terrace_89/IMG20260424112941.jpg,raw_datasets_terracepacels/siamese_terrace_53/IMG20260424103036.jpg,0
raw_datasets_terracepacels/siamese_terrace_52/IMG20260424102935.jpg,raw_datasets_terracepacels/siamese_terrace_52/IMG20260424103001.jpg,1
raw_datasets_terracepacels/siamese_terrace_10/IMG20260423173834.jpg,raw_datasets_terracepacels/siamese_terrace_81/IMG20260424111442.jpg,0
raw_datasets_terracepacels/siamese_terrace_84/IMG20260424112456.jpg,raw_datasets_terracepacels/siamese_terrace_70/IMG20260424110435.jpg,0
raw_datasets_terracepacels/siamese_terrace_38/IMG20260424101037.jpg,raw_datasets_terracepacels/siamese_terrace_38/IMG20260424101049.jpg,1
raw_datasets_terracepacels/siamese_terrace_79/IMG20260424111342.jpg,raw_datasets_terracepacels/siamese_terrace_13/IMG20260423174807.jpg,0
raw_datasets_terracepacels/siamese_terrace_41/IMG20260424101357.jpg,raw_datasets_terracepacels/siamese_terrace_67/IMG20260424105942.jpg,0
raw_datasets_terracepacels/siamese_terrace_79/IMG20260424111327.jpg,raw_datasets_terracepacels/siamese_terrace_55/IMG20260424103555.jpg,0
raw_datasets_terracepacels/siamese_terrace_78/IMG20260424111208.jpg,raw_datasets_terracepacels/siamese_terrace_78/IMG20260424111214.jpg,1
raw_datasets_terracepacels/siamese_terrace_55/IMG20260424103548.jpg,raw_datasets_terracepacels/siamese_terrace_12/IMG20260423174731.jpg,0
raw_datasets_terracepacels/siamese_terrace_24/IMG20260423175838.jpg,raw_datasets_terracepacels/siamese_terrace_24/IMG20260423175844.jpg,1
raw_datasets_terracepacels/siamese_terrace_28/IMG20260423180412.jpg,raw_datasets_terracepacels/siamese_terrace_42/IMG20260424101557.jpg,0
raw_datasets_terracepacels/siamese_terrace_82/IMG20260424111516.jpg,raw_datasets_terracepacels/siamese_terrace_74/IMG20260424110853.jpg,0
raw_datasets_terracepacels/siamese_terrace_44/IMG20260424101827.jpg,raw_datasets_terracepacels/siamese_terrace_18/IMG20260423175353.jpg,0
raw_datasets_terracepacels/siamese_terrace_70/IMG20260424110418.jpg,raw_datasets_terracepacels/siamese_terrace_9/IMG20260423173738.jpg,0
raw_datasets_terracepacels/siamese_terrace_95/IMG20260424113327.jpg,raw_datasets_terracepacels/siamese_terrace_95/IMG20260424113335.jpg,1
raw_datasets_terracepacels/siamese_terrace_81/IMG20260424111453.jpg,raw_datasets_terracepacels/siamese_terrace_81/IMG20260424111501.jpg,1
raw_datasets_terracepacels/siamese_terrace_75/IMG20260424110938.jpg,raw_datasets_terracepacels/siamese_terrace_75/IMG20260424110947.jpg,1
raw_datasets_terracepacels/siamese_terrace_5/IMG20260423172951.jpg,raw_datasets_terracepacels/siamese_terrace_89/IMG20260424112939.jpg,0
raw_datasets_terracepacels/siamese_terrace_8/IMG20260423173641.jpg,raw_datasets_terracepacels/siamese_terrace_35/IMG20260423181528.jpg,0
raw_datasets_terracepacels/siamese_terrace_31/IMG20260423181058.jpg,raw_datasets_terracepacels/siamese_terrace_64/IMG20260424105605.jpg,0
raw_datasets_terracepacels/siamese_terrace_10/IMG20260423173816.jpg,raw_datasets_terracepacels/siamese_terrace_10/IMG20260423173827.jpg,1
raw_datasets_terracepacels/siamese_terrace_69/IMG20260424110126.jpg,raw_datasets_terracepacels/siamese_terrace_69/IMG20260424110203.jpg,1
raw_datasets_terracepacels/siamese_terrace_6/IMG20260423173051.jpg,raw_datasets_terracepacels/siamese_terrace_6/IMG20260423173113.jpg,1
raw_datasets_terracepacels/siamese_terrace_57/IMG20260424103926.jpg,raw_datasets_terracepacels/siamese_terrace_57/IMG20260424104009.jpg,1
raw_datasets_terracepacels/siamese_terrace_35/IMG20260423181459.jpg,raw_datasets_terracepacels/siamese_terrace_51/IMG20260424102904.jpg,0
raw_datasets_terracepacels/siamese_terrace_7/IMG20260423173206.jpg,raw_datasets_terracepacels/siamese_terrace_6/IMG20260423173109.jpg,0
raw_datasets_terracepacels/siamese_terrace_37/IMG20260424101003.jpg,raw_datasets_terracepacels/siamese_terrace_67/IMG20260424105922.jpg,0
raw_datasets_terracepacels/siamese_terrace_67/IMG20260424105911.jpg,raw_datasets_terracepacels/siamese_terrace_11/IMG20260423174019.jpg,0
raw_datasets_terracepacels/siamese_terrace_72/IMG20260424110657.jpg,raw_datasets_terracepacels/siamese_terrace_31/IMG20260423181038.jpg,0
raw_datasets_terracepacels/siamese_terrace_28/IMG20260423180423.jpg,raw_datasets_terracepacels/siamese_terrace_28/IMG20260423180439.jpg,1
raw_datasets_terracepacels/siamese_terrace_72/IMG20260424110646.jpg,raw_datasets_terracepacels/siamese_terrace_72/IMG20260424110703.jpg,1
raw_datasets_terracepacels/siamese_terrace_28/IMG20260423180412.jpg,raw_datasets_terracepacels/siamese_terrace_12/IMG20260423174731.jpg,0
raw_datasets_terracepacels/siamese_terrace_43/IMG20260424101706.jpg,raw_datasets_terracepacels/siamese_terrace_12/IMG20260423174707.jpg,0
raw_datasets_terracepacels/siamese_terrace_22/IMG20260423175711.jpg,raw_datasets_terracepacels/siamese_terrace_22/IMG20260423175727.jpg,1
raw_datasets_terracepacels/siamese_terrace_80/IMG20260424111355.jpg,raw_datasets_terracepacels/siamese_terrace_80/IMG20260424111414.jpg,1
raw_datasets_terracepacels/siamese_terrace_30/IMG20260423181004.jpg,raw_datasets_terracepacels/siamese_terrace_30/IMG20260423181007.jpg,1
raw_datasets_terracepacels/siamese_terrace_19/IMG20260423175423.jpg,raw_datasets_terracepacels/siamese_terrace_92/IMG20260424113141.jpg,0
raw_datasets_terracepacels/siamese_terrace_17/IMG20260423175308.jpg,raw_datasets_terracepacels/siamese_terrace_17/IMG20260423175314.jpg,1
raw_datasets_terracepacels/siamese_terrace_95/IMG20260424113335.jpg,raw_datasets_terracepacels/siamese_terrace_12/IMG20260423174717.jpg,0
raw_datasets_terracepacels/siamese_terrace_95/IMG20260424113335.jpg,raw_datasets_terracepacels/siamese_terrace_95/IMG20260424113352.jpg,1
raw_datasets_terracepacels/siamese_terrace_94/IMG20260424113300.jpg,raw_datasets_terracepacels/siamese_terrace_11/IMG20260423174028.jpg,0
raw_datasets_terracepacels/siamese_terrace_22/IMG20260423175727.jpg,raw_datasets_terracepacels/siamese_terrace_22/IMG20260423175734.jpg,1
raw_datasets_terracepacels/siamese_terrace_83/IMG20260424112358.jpg,raw_datasets_terracepacels/siamese_terrace_7/IMG20260423173156.jpg,0
raw_datasets_terracepacels/siamese_terrace_66/IMG20260424105825.jpg,raw_datasets_terracepacels/siamese_terrace_66/IMG20260424105829.jpg,1
raw_datasets_terracepacels/siamese_terrace_70/IMG20260424110426.jpg,raw_datasets_terracepacels/siamese_terrace_70/IMG20260424110435.jpg,1
raw_datasets_terracepacels/siamese_terrace_58/IMG20260424104154.jpg,raw_datasets_terracepacels/siamese_terrace_58/IMG20260424104214.jpg,1
raw_datasets_terracepacels/siamese_terrace_54/IMG20260424103344.jpg,raw_datasets_terracepacels/siamese_terrace_54/IMG20260424103350.jpg,1
raw_datasets_terracepacels/siamese_terrace_52/IMG20260424102935.jpg,raw_datasets_terracepacels/siamese_terrace_52/IMG20260424103008.jpg,1
raw_datasets_terracepacels/siamese_terrace_32/IMG20260423181145.jpg,raw_datasets_terracepacels/siamese_terrace_1/IMG20260423172338.jpg,0
raw_datasets_terracepacels/siamese_terrace_59/IMG20260424104246.jpg,raw_datasets_terracepacels/siamese_terrace_94/IMG20260424113253.jpg,0
raw_datasets_terracepacels/siamese_terrace_21/IMG20260423175625.jpg,raw_datasets_terracepacels/siamese_terrace_36/IMG20260423181622.jpg,0
raw_datasets_terracepacels/siamese_terrace_79/IMG20260424111321.jpg,raw_datasets_terracepacels/siamese_terrace_79/IMG20260424111338.jpg,1
raw_datasets_terracepacels/siamese_terrace_69/IMG20260424110126.jpg,raw_datasets_terracepacels/siamese_terrace_57/IMG20260424103926.jpg,0
raw_datasets_terracepacels/siamese_terrace_75/IMG20260424110930.jpg,raw_datasets_terracepacels/siamese_terrace_75/IMG20260424110938.jpg,1
raw_datasets_terracepacels/siamese_terrace_91/IMG20260424113100.jpg,raw_datasets_terracepacels/siamese_terrace_91/IMG20260424113108.jpg,1
raw_datasets_terracepacels/siamese_terrace_22/IMG20260423175711.jpg,raw_datasets_terracepacels/siamese_terrace_47/IMG20260424102223.jpg,0
raw_datasets_terracepacels/siamese_terrace_7/IMG20260423173214.jpg,raw_datasets_terracepacels/siamese_terrace_7/IMG20260423173227.jpg,1
raw_datasets_terracepacels/siamese_terrace_69/IMG20260424110146.jpg,raw_datasets_terracepacels/siamese_terrace_69/IMG20260424110159.jpg,1
raw_datasets_terracepacels/siamese_terrace_38/IMG20260424101037.jpg,raw_datasets_terracepacels/siamese_terrace_38/IMG20260424101057.jpg,1
raw_datasets_terracepacels/siamese_terrace_74/IMG20260424110900.jpg,raw_datasets_terracepacels/siamese_terrace_74/IMG20260424110908.jpg,1
raw_datasets_terracepacels/siamese_terrace_55/IMG20260424103548.jpg,raw_datasets_terracepacels/siamese_terrace_45/IMG20260424102043.jpg,0
raw_datasets_terracepacels/siamese_terrace_32/IMG20260423181203.jpg,raw_datasets_terracepacels/siamese_terrace_32/IMG20260423181208.jpg,1
raw_datasets_terracepacels/siamese_terrace_17/IMG20260423175258.jpg,raw_datasets_terracepacels/siamese_terrace_28/IMG20260423180423.jpg,0
raw_datasets_terracepacels/siamese_terrace_31/IMG20260423181038.jpg,raw_datasets_terracepacels/siamese_terrace_31/IMG20260423181051.jpg,1
raw_datasets_terracepacels/siamese_terrace_36/IMG20260423181602.jpg,raw_datasets_terracepacels/siamese_terrace_36/IMG20260423181622.jpg,1
raw_datasets_terracepacels/siamese_terrace_56/IMG20260424103727.jpg,raw_datasets_terracepacels/siamese_terrace_76/IMG20260424111053.jpg,0
raw_datasets_terracepacels/siamese_terrace_22/IMG20260423175727.jpg,raw_datasets_terracepacels/siamese_terrace_66/IMG20260424105825.jpg,0
raw_datasets_terracepacels/siamese_terrace_55/IMG20260424103533.jpg,raw_datasets_terracepacels/siamese_terrace_55/IMG20260424103541.jpg,1
raw_datasets_terracepacels/siamese_terrace_74/IMG20260424110900.jpg,raw_datasets_terracepacels/siamese_terrace_44/IMG20260424101815.jpg,0
raw_datasets_terracepacels/siamese_terrace_38/IMG20260424101101.jpg,raw_datasets_terracepacels/siamese_terrace_91/IMG20260424113100.jpg,0
raw_datasets_terracepacels/siamese_terrace_52/IMG20260424102953.jpg,raw_datasets_terracepacels/siamese_terrace_52/IMG20260424103001.jpg,1
raw_datasets_terracepacels/siamese_terrace_32/IMG20260423181145.jpg,raw_datasets_terracepacels/siamese_terrace_1/IMG20260423172315.jpg,0
raw_datasets_terracepacels/siamese_terrace_76/IMG20260424111022.jpg,raw_datasets_terracepacels/siamese_terrace_32/IMG20260423181159.jpg,0
raw_datasets_terracepacels/siamese_terrace_91/IMG20260424113100.jpg,raw_datasets_terracepacels/siamese_terrace_91/IMG20260424113112.jpg,1
raw_datasets_terracepacels/siamese_terrace_89/IMG20260424112927.jpg,raw_datasets_terracepacels/siamese_terrace_89/IMG20260424112939.jpg,1
raw_datasets_terracepacels/siamese_terrace_35/IMG20260423181521.jpg,raw_datasets_terracepacels/siamese_terrace_24/IMG20260423175844.jpg,0
raw_datasets_terracepacels/siamese_terrace_93/IMG20260424113217.jpg,raw_datasets_terracepacels/siamese_terrace_93/IMG20260424113222.jpg,1
raw_datasets_terracepacels/siamese_terrace_69/IMG20260424110203.jpg,raw_datasets_terracepacels/siamese_terrace_9/IMG20260423173730.jpg,0
raw_datasets_terracepacels/siamese_terrace_86/IMG20260424112643.jpg,raw_datasets_terracepacels/siamese_terrace_86/IMG20260424112656.jpg,1
raw_datasets_terracepacels/siamese_terrace_92/IMG20260424113141.jpg,raw_datasets_terracepacels/siamese_terrace_92/IMG20260424113150.jpg,1
raw_datasets_terracepacels/siamese_terrace_10/IMG20260423173810.jpg,raw_datasets_terracepacels/siamese_terrace_10/IMG20260423173821.jpg,1
raw_datasets_terracepacels/siamese_terrace_19/IMG20260423175414.jpg,raw_datasets_terracepacels/siamese_terrace_40/IMG20260424101227.jpg,0
raw_datasets_terracepacels/siamese_terrace_3/IMG20260423172535.jpg,raw_datasets_terracepacels/siamese_terrace_81/IMG20260424111430.jpg,0
raw_datasets_terracepacels/siamese_terrace_5/IMG20260423172951.jpg,raw_datasets_terracepacels/siamese_terrace_5/IMG20260423172959.jpg,1
raw_datasets_terracepacels/siamese_terrace_30/IMG20260423181004.jpg,raw_datasets_terracepacels/siamese_terrace_30/IMG20260423181024.jpg,1
raw_datasets_terracepacels/siamese_terrace_11/IMG20260423174019.jpg,raw_datasets_terracepacels/siamese_terrace_11/IMG20260423174023.jpg,1
raw_datasets_terracepacels/siamese_terrace_13/IMG20260423174800.jpg,raw_datasets_terracepacels/siamese_terrace_13/IMG20260423174816.jpg,1
raw_datasets_terracepacels/siamese_terrace_81/IMG20260424111501.jpg,raw_datasets_terracepacels/siamese_terrace_30/IMG20260423181004.jpg,0
raw_datasets_terracepacels/siamese_terrace_11/IMG20260423174033.jpg,raw_datasets_terracepacels/siamese_terrace_48/IMG20260424102321.jpg,0
raw_datasets_terracepacels/siamese_terrace_41/IMG20260424101327.jpg,raw_datasets_terracepacels/siamese_terrace_41/IMG20260424101349.jpg,1
raw_datasets_terracepacels/siamese_terrace_45/IMG20260424102013.jpg,raw_datasets_terracepacels/siamese_terrace_45/IMG20260424102033.jpg,1
raw_datasets_terracepacels/siamese_terrace_5/IMG20260423172959.jpg,raw_datasets_terracepacels/siamese_terrace_5/IMG20260423173007.jpg,1
raw_datasets_terracepacels/siamese_terrace_21/IMG20260423175625.jpg,raw_datasets_terracepacels/siamese_terrace_21/IMG20260423175650.jpg,1
raw_datasets_terracepacels/siamese_terrace_11/IMG20260423174023.jpg,raw_datasets_terracepacels/siamese_terrace_12/IMG20260423174717.jpg,0
raw_datasets_terracepacels/siamese_terrace_82/IMG20260424111526.jpg,raw_datasets_terracepacels/siamese_terrace_82/IMG20260424111536.jpg,1
raw_datasets_terracepacels/siamese_terrace_12/IMG20260423174717.jpg,raw_datasets_terracepacels/siamese_terrace_17/IMG20260423175314.jpg,0
raw_datasets_terracepacels/siamese_terrace_29/IMG20260423180912.jpg,raw_datasets_terracepacels/siamese_terrace_29/IMG20260423180923.jpg,1
raw_datasets_terracepacels/siamese_terrace_39/IMG20260424101154.jpg,raw_datasets_terracepacels/siamese_terrace_24/IMG20260423175844.jpg,0
raw_datasets_terracepacels/siamese_terrace_79/IMG20260424111321.jpg,raw_datasets_terracepacels/siamese_terrace_79/IMG20260424111327.jpg,1
raw_datasets_terracepacels/siamese_terrace_44/IMG20260424101831.jpg,raw_datasets_terracepacels/siamese_terrace_23/IMG20260423175820.jpg,0
raw_datasets_terracepacels/siamese_terrace_36/IMG20260423181602.jpg,raw_datasets_terracepacels/siamese_terrace_36/IMG20260423181617.jpg,1
raw_datasets_terracepacels/siamese_terrace_56/IMG20260424103736.jpg,raw_datasets_terracepacels/siamese_terrace_56/IMG20260424103747.jpg,1
raw_datasets_terracepacels/siamese_terrace_67/IMG20260424105936.jpg,raw_datasets_terracepacels/siamese_terrace_67/IMG20260424105942.jpg,1
raw_datasets_terracepacels/siamese_terrace_4/IMG20260423172852.jpg,raw_datasets_terracepacels/siamese_terrace_4/IMG20260423172911.jpg,1
raw_datasets_terracepacels/siamese_terrace_40/IMG20260424101245.jpg,raw_datasets_terracepacels/siamese_terrace_13/IMG20260423174812.jpg,0
raw_datasets_terracepacels/siamese_terrace_19/IMG20260423175419.jpg,raw_datasets_terracepacels/siamese_terrace_19/IMG20260423175427.jpg,1
raw_datasets_terracepacels/siamese_terrace_9/IMG20260423173727.jpg,raw_datasets_terracepacels/siamese_terrace_9/IMG20260423173738.jpg,1
raw_datasets_terracepacels/siamese_terrace_24/IMG20260423175829.jpg,raw_datasets_terracepacels/siamese_terrace_95/IMG20260424113341.jpg,0
raw_datasets_terracepacels/siamese_terrace_84/IMG20260424112456.jpg,raw_datasets_terracepacels/siamese_terrace_79/IMG20260424111327.jpg,0
raw_datasets_terracepacels/siamese_terrace_84/IMG20260424112449.jpg,raw_datasets_terracepacels/siamese_terrace_84/IMG20260424112502.jpg,1
raw_datasets_terracepacels/siamese_terrace_26/IMG20260423180011.jpg,raw_datasets_terracepacels/siamese_terrace_26/IMG20260423180027.jpg,1
raw_datasets_terracepacels/siamese_terrace_19/IMG20260423175427.jpg,raw_datasets_terracepacels/siamese_terrace_95/IMG20260424113352.jpg,0
raw_datasets_terracepacels/siamese_terrace_81/IMG20260424111437.jpg,raw_datasets_terracepacels/siamese_terrace_42/IMG20260424101606.jpg,0
raw_datasets_terracepacels/siamese_terrace_44/IMG20260424101815.jpg,raw_datasets_terracepacels/siamese_terrace_81/IMG20260424111501.jpg,0
raw_datasets_terracepacels/siamese_terrace_83/IMG20260424112424.jpg,raw_datasets_terracepacels/siamese_terrace_49/IMG20260424102450.jpg,0
raw_datasets_terracepacels/siamese_terrace_33/IMG20260423181345.jpg,raw_datasets_terracepacels/siamese_terrace_33/IMG20260423181349.jpg,1
raw_datasets_terracepacels/siamese_terrace_92/IMG20260424113150.jpg,raw_datasets_terracepacels/siamese_terrace_39/IMG20260424101203.jpg,0
raw_datasets_terracepacels/siamese_terrace_65/IMG20260424105706.jpg,raw_datasets_terracepacels/siamese_terrace_81/IMG20260424111501.jpg,0
raw_datasets_terracepacels/siamese_terrace_65/IMG20260424105659.jpg,raw_datasets_terracepacels/siamese_terrace_65/IMG20260424105712.jpg,1
raw_datasets_terracepacels/siamese_terrace_80/IMG20260424111406.jpg,raw_datasets_terracepacels/siamese_terrace_80/IMG20260424111414.jpg,1
raw_datasets_terracepacels/siamese_terrace_17/IMG20260423175258.jpg,raw_datasets_terracepacels/siamese_terrace_17/IMG20260423175319.jpg,1
raw_datasets_terracepacels/siamese_terrace_24/IMG20260423175844.jpg,raw_datasets_terracepacels/siamese_terrace_24/IMG20260423175852.jpg,1
raw_datasets_terracepacels/siamese_terrace_12/IMG20260423174707.jpg,raw_datasets_terracepacels/siamese_terrace_73/IMG20260424110801.jpg,0
raw_datasets_terracepacels/siamese_terrace_52/IMG20260424103008.jpg,raw_datasets_terracepacels/siamese_terrace_21/IMG20260423175643.jpg,0
raw_datasets_terracepacels/siamese_terrace_8/IMG20260423173622.jpg,raw_datasets_terracepacels/siamese_terrace_8/IMG20260423173634.jpg,1
raw_datasets_terracepacels/siamese_terrace_52/IMG20260424103001.jpg,raw_datasets_terracepacels/siamese_terrace_55/IMG20260424103602.jpg,0
raw_datasets_terracepacels/siamese_terrace_83/IMG20260424112417.jpg,raw_datasets_terracepacels/siamese_terrace_43/IMG20260424101706.jpg,0
raw_datasets_terracepacels/siamese_terrace_10/IMG20260423173821.jpg,raw_datasets_terracepacels/siamese_terrace_10/IMG20260423173834.jpg,1
raw_datasets_terracepacels/siamese_terrace_90/IMG20260424113028.jpg,raw_datasets_terracepacels/siamese_terrace_92/IMG20260424113150.jpg,0
raw_datasets_terracepacels/siamese_terrace_87/IMG20260424112753.jpg,raw_datasets_terracepacels/siamese_terrace_87/IMG20260424112819.jpg,1
raw_datasets_terracepacels/siamese_terrace_95/IMG20260424113341.jpg,raw_datasets_terracepacels/siamese_terrace_64/IMG20260424105620.jpg,0
raw_datasets_terracepacels/siamese_terrace_45/IMG20260424102013.jpg,raw_datasets_terracepacels/siamese_terrace_39/IMG20260424101213.jpg,0
raw_datasets_terracepacels/siamese_terrace_39/IMG20260424101146.jpg,raw_datasets_terracepacels/siamese_terrace_81/IMG20260424111442.jpg,0
raw_datasets_terracepacels/siamese_terrace_57/IMG20260424103932.jpg,raw_datasets_terracepacels/siamese_terrace_57/IMG20260424103938.jpg,1
raw_datasets_terracepacels/siamese_terrace_14/IMG20260423174908.jpg,raw_datasets_terracepacels/siamese_terrace_8/IMG20260423173641.jpg,0
raw_datasets_terracepacels/siamese_terrace_74/IMG20260424110838.jpg,raw_datasets_terracepacels/siamese_terrace_74/IMG20260424110850.jpg,1
raw_datasets_terracepacels/siamese_terrace_81/IMG20260424111430.jpg,raw_datasets_terracepacels/siamese_terrace_81/IMG20260424111442.jpg,1
raw_datasets_terracepacels/siamese_terrace_42/IMG20260424101537.jpg,raw_datasets_terracepacels/siamese_terrace_42/IMG20260424101557.jpg,1
raw_datasets_terracepacels/siamese_terrace_44/IMG20260424101827.jpg,raw_datasets_terracepacels/siamese_terrace_44/IMG20260424101831.jpg,1
raw_datasets_terracepacels/siamese_terrace_57/IMG20260424104009.jpg,raw_datasets_terracepacels/siamese_terrace_7/IMG20260423173206.jpg,0
raw_datasets_terracepacels/siamese_terrace_21/IMG20260423175632.jpg,raw_datasets_terracepacels/siamese_terrace_38/IMG20260424101043.jpg,0
raw_datasets_terracepacels/siamese_terrace_37/IMG20260424101003.jpg,raw_datasets_terracepacels/siamese_terrace_4/IMG20260423172843.jpg,0
raw_datasets_terracepacels/siamese_terrace_89/IMG20260424112927.jpg,raw_datasets_terracepacels/siamese_terrace_32/IMG20260423181159.jpg,0
raw_datasets_terracepacels/siamese_terrace_88/IMG20260424112835.jpg,raw_datasets_terracepacels/siamese_terrace_59/IMG20260424104308.jpg,0
raw_datasets_terracepacels/siamese_terrace_43/IMG20260424101720.jpg,raw_datasets_terracepacels/siamese_terrace_43/IMG20260424101744.jpg,1
raw_datasets_terracepacels/siamese_terrace_42/IMG20260424101549.jpg,raw_datasets_terracepacels/siamese_terrace_42/IMG20260424101611.jpg,1
raw_datasets_terracepacels/siamese_terrace_64/IMG20260424105605.jpg,raw_datasets_terracepacels/siamese_terrace_15/IMG20260423175031.jpg,0
raw_datasets_terracepacels/siamese_terrace_80/IMG20260424111347.jpg,raw_datasets_terracepacels/siamese_terrace_23/IMG20260423175814.jpg,0
raw_datasets_terracepacels/siamese_terrace_84/IMG20260424112456.jpg,raw_datasets_terracepacels/siamese_terrace_77/IMG20260424111144.jpg,0
raw_datasets_terracepacels/siamese_terrace_29/IMG20260423180923.jpg,raw_datasets_terracepacels/siamese_terrace_29/IMG20260423180930.jpg,1
raw_datasets_terracepacels/siamese_terrace_59/IMG20260424104303.jpg,raw_datasets_terracepacels/siamese_terrace_59/IMG20260424104318.jpg,1
raw_datasets_terracepacels/siamese_terrace_28/IMG20260423180419.jpg,raw_datasets_terracepacels/siamese_terrace_49/IMG20260424102443.jpg,0
raw_datasets_terracepacels/siamese_terrace_89/IMG20260424112920.jpg,raw_datasets_terracepacels/siamese_terrace_89/IMG20260424112927.jpg,1
raw_datasets_terracepacels/siamese_terrace_85/IMG20260424112536.jpg,raw_datasets_terracepacels/siamese_terrace_85/IMG20260424112547.jpg,1
raw_datasets_terracepacels/siamese_terrace_67/IMG20260424105922.jpg,raw_datasets_terracepacels/siamese_terrace_67/IMG20260424105927.jpg,1
raw_datasets_terracepacels/siamese_terrace_59/IMG20260424104255.jpg,raw_datasets_terracepacels/siamese_terrace_59/IMG20260424104303.jpg,1
raw_datasets_terracepacels/siamese_terrace_6/IMG20260423173109.jpg,raw_datasets_terracepacels/siamese_terrace_6/IMG20260423173121.jpg,1
raw_datasets_terracepacels/siamese_terrace_83/IMG20260424112417.jpg,raw_datasets_terracepacels/siamese_terrace_95/IMG20260424113327.jpg,0
raw_datasets_terracepacels/siamese_terrace_90/IMG20260424113017.jpg,raw_datasets_terracepacels/siamese_terrace_90/IMG20260424113028.jpg,1
raw_datasets_terracepacels/siamese_terrace_28/IMG20260423180403.jpg,raw_datasets_terracepacels/siamese_terrace_28/IMG20260423180439.jpg,1
raw_datasets_terracepacels/siamese_terrace_44/IMG20260424101827.jpg,raw_datasets_terracepacels/siamese_terrace_44/IMG20260424101844.jpg,1
raw_datasets_terracepacels/siamese_terrace_85/IMG20260424112542.jpg,raw_datasets_terracepacels/siamese_terrace_85/IMG20260424112604.jpg,1
raw_datasets_terracepacels/siamese_terrace_12/IMG20260423174717.jpg,raw_datasets_terracepacels/siamese_terrace_12/IMG20260423174726.jpg,1
raw_datasets_terracepacels/siamese_terrace_90/IMG20260424113000.jpg,raw_datasets_terracepacels/siamese_terrace_8/IMG20260423173634.jpg,0
raw_datasets_terracepacels/siamese_terrace_46/IMG20260424102123.jpg,raw_datasets_terracepacels/siamese_terrace_31/IMG20260423181051.jpg,0
raw_datasets_terracepacels/siamese_terrace_5/IMG20260423172945.jpg,raw_datasets_terracepacels/siamese_terrace_5/IMG20260423173012.jpg,1
raw_datasets_terracepacels/siamese_terrace_12/IMG20260423174726.jpg,raw_datasets_terracepacels/siamese_terrace_20/IMG20260423175445.jpg,0
raw_datasets_terracepacels/siamese_terrace_31/IMG20260423181051.jpg,raw_datasets_terracepacels/siamese_terrace_30/IMG20260423180955.jpg,0
raw_datasets_terracepacels/siamese_terrace_77/IMG20260424111120.jpg,raw_datasets_terracepacels/siamese_terrace_41/IMG20260424101342.jpg,0
raw_datasets_terracepacels/siamese_terrace_17/IMG20260423175319.jpg,raw_datasets_terracepacels/siamese_terrace_17/IMG20260423175326.jpg,1
raw_datasets_terracepacels/siamese_terrace_29/IMG20260423180917.jpg,raw_datasets_terracepacels/siamese_terrace_29/IMG20260423180936.jpg,1
raw_datasets_terracepacels/siamese_terrace_33/IMG20260423181329.jpg,raw_datasets_terracepacels/siamese_terrace_33/IMG20260423181349.jpg,1
raw_datasets_terracepacels/siamese_terrace_92/IMG20260424113150.jpg,raw_datasets_terracepacels/siamese_terrace_92/IMG20260424113153.jpg,1
raw_datasets_terracepacels/siamese_terrace_44/IMG20260424101844.jpg,raw_datasets_terracepacels/siamese_terrace_12/IMG20260423174717.jpg,0
raw_datasets_terracepacels/siamese_terrace_51/IMG20260424102919.jpg,raw_datasets_terracepacels/siamese_terrace_11/IMG20260423174013.jpg,0
raw_datasets_terracepacels/siamese_terrace_8/IMG20260423173641.jpg,raw_datasets_terracepacels/siamese_terrace_39/IMG20260424101213.jpg,0
raw_datasets_terracepacels/siamese_terrace_7/IMG20260423173206.jpg,raw_datasets_terracepacels/siamese_terrace_7/IMG20260423173214.jpg,1
raw_datasets_terracepacels/siamese_terrace_47/IMG20260424102154.jpg,raw_datasets_terracepacels/siamese_terrace_93/IMG20260424113227.jpg,0
raw_datasets_terracepacels/siamese_terrace_93/IMG20260424113234.jpg,raw_datasets_terracepacels/siamese_terrace_53/IMG20260424103049.jpg,0
raw_datasets_terracepacels/siamese_terrace_36/IMG20260423181602.jpg,raw_datasets_terracepacels/siamese_terrace_88/IMG20260424112847.jpg,0
raw_datasets_terracepacels/siamese_terrace_64/IMG20260424105557.jpg,raw_datasets_terracepacels/siamese_terrace_14/IMG20260423174924.jpg,0
raw_datasets_terracepacels/siamese_terrace_81/IMG20260424111442.jpg,raw_datasets_terracepacels/siamese_terrace_81/IMG20260424111501.jpg,1
raw_datasets_terracepacels/siamese_terrace_91/IMG20260424113108.jpg,raw_datasets_terracepacels/siamese_terrace_91/IMG20260424113112.jpg,1
raw_datasets_terracepacels/siamese_terrace_41/IMG20260424101357.jpg,raw_datasets_terracepacels/siamese_terrace_18/IMG20260423175402.jpg,0
raw_datasets_terracepacels/siamese_terrace_33/IMG20260423181329.jpg,raw_datasets_terracepacels/siamese_terrace_33/IMG20260423181345.jpg,1
raw_datasets_terracepacels/siamese_terrace_67/IMG20260424105911.jpg,raw_datasets_terracepacels/siamese_terrace_10/IMG20260423173827.jpg,0
raw_datasets_terracepacels/siamese_terrace_47/IMG20260424102210.jpg,raw_datasets_terracepacels/siamese_terrace_47/IMG20260424102216.jpg,1
raw_datasets_terracepacels/siamese_terrace_54/IMG20260424103330.jpg,raw_datasets_terracepacels/siamese_terrace_54/IMG20260424103344.jpg,1
raw_datasets_terracepacels/siamese_terrace_53/IMG20260424103106.jpg,raw_datasets_terracepacels/siamese_terrace_69/IMG20260424110152.jpg,0
raw_datasets_terracepacels/siamese_terrace_88/IMG20260424112842.jpg,raw_datasets_terracepacels/siamese_terrace_88/IMG20260424112847.jpg,1
raw_datasets_terracepacels/siamese_terrace_38/IMG20260424101037.jpg,raw_datasets_terracepacels/siamese_terrace_38/IMG20260424101043.jpg,1
raw_datasets_terracepacels/siamese_terrace_64/IMG20260424105605.jpg,raw_datasets_terracepacels/siamese_terrace_64/IMG20260424105620.jpg,1
raw_datasets_terracepacels/siamese_terrace_49/IMG20260424102443.jpg,raw_datasets_terracepacels/siamese_terrace_31/IMG20260423181058.jpg,0
raw_datasets_terracepacels/siamese_terrace_11/IMG20260423174013.jpg,raw_datasets_terracepacels/siamese_terrace_84/IMG20260424112456.jpg,0
raw_datasets_terracepacels/siamese_terrace_20/IMG20260423175454.jpg,raw_datasets_terracepacels/siamese_terrace_36/IMG20260423181555.jpg,0
raw_datasets_terracepacels/siamese_terrace_84/IMG20260424112502.jpg,raw_datasets_terracepacels/siamese_terrace_36/IMG20260423181617.jpg,0
raw_datasets_terracepacels/siamese_terrace_54/IMG20260424103344.jpg,raw_datasets_terracepacels/siamese_terrace_80/IMG20260424111406.jpg,0
raw_datasets_terracepacels/siamese_terrace_24/IMG20260423175829.jpg,raw_datasets_terracepacels/siamese_terrace_65/IMG20260424105706.jpg,0
raw_datasets_terracepacels/siamese_terrace_15/IMG20260423175006.jpg,raw_datasets_terracepacels/siamese_terrace_85/IMG20260424112547.jpg,0
raw_datasets_terracepacels/siamese_terrace_25/IMG20260423175926.jpg,raw_datasets_terracepacels/siamese_terrace_25/IMG20260423175944.jpg,1
raw_datasets_terracepacels/siamese_terrace_69/IMG20260424110126.jpg,raw_datasets_terracepacels/siamese_terrace_69/IMG20260424110159.jpg,1
raw_datasets_terracepacels/siamese_terrace_86/IMG20260424112702.jpg,raw_datasets_terracepacels/siamese_terrace_56/IMG20260424103727.jpg,0
raw_datasets_terracepacels/siamese_terrace_73/IMG20260424110745.jpg,raw_datasets_terracepacels/siamese_terrace_73/IMG20260424110751.jpg,1
raw_datasets_terracepacels/siamese_terrace_64/IMG20260424105605.jpg,raw_datasets_terracepacels/siamese_terrace_13/IMG20260423174816.jpg,0
raw_datasets_terracepacels/siamese_terrace_57/IMG20260424103926.jpg,raw_datasets_terracepacels/siamese_terrace_57/IMG20260424103932.jpg,1
raw_datasets_terracepacels/siamese_terrace_39/IMG20260424101132.jpg,raw_datasets_terracepacels/siamese_terrace_28/IMG20260423180419.jpg,0
raw_datasets_terracepacels/siamese_terrace_88/IMG20260424112828.jpg,raw_datasets_terracepacels/siamese_terrace_88/IMG20260424112853.jpg,1
raw_datasets_terracepacels/siamese_terrace_15/IMG20260423175016.jpg,raw_datasets_terracepacels/siamese_terrace_15/IMG20260423175038.jpg,1
raw_datasets_terracepacels/siamese_terrace_94/IMG20260424113307.jpg,raw_datasets_terracepacels/siamese_terrace_94/IMG20260424113311.jpg,1
raw_datasets_terracepacels/siamese_terrace_53/IMG20260424103049.jpg,raw_datasets_terracepacels/siamese_terrace_93/IMG20260424113217.jpg,0
raw_datasets_terracepacels/siamese_terrace_40/IMG20260424101227.jpg,raw_datasets_terracepacels/siamese_terrace_40/IMG20260424101245.jpg,1
raw_datasets_terracepacels/siamese_terrace_69/IMG20260424110159.jpg,raw_datasets_terracepacels/siamese_terrace_33/IMG20260423181336.jpg,0
raw_datasets_terracepacels/siamese_terrace_58/IMG20260424104154.jpg,raw_datasets_terracepacels/siamese_terrace_57/IMG20260424104009.jpg,0
raw_datasets_terracepacels/siamese_terrace_32/IMG20260423181213.jpg,raw_datasets_terracepacels/siamese_terrace_20/IMG20260423175500.jpg,0
raw_datasets_terracepacels/siamese_terrace_64/IMG20260424105612.jpg,raw_datasets_terracepacels/siamese_terrace_17/IMG20260423175326.jpg,0
raw_datasets_terracepacels/siamese_terrace_44/IMG20260424101815.jpg,raw_datasets_terracepacels/siamese_terrace_44/IMG20260424101844.jpg,1
raw_datasets_terracepacels/siamese_terrace_69/IMG20260424110152.jpg,raw_datasets_terracepacels/siamese_terrace_69/IMG20260424110203.jpg,1
raw_datasets_terracepacels/siamese_terrace_35/IMG20260423181459.jpg,raw_datasets_terracepacels/siamese_terrace_44/IMG20260424101821.jpg,0
raw_datasets_terracepacels/siamese_terrace_44/IMG20260424101821.jpg,raw_datasets_terracepacels/siamese_terrace_44/IMG20260424101844.jpg,1
raw_datasets_terracepacels/siamese_terrace_85/IMG20260424112536.jpg,raw_datasets_terracepacels/siamese_terrace_85/IMG20260424112556.jpg,1
raw_datasets_terracepacels/siamese_terrace_15/IMG20260423175006.jpg,raw_datasets_terracepacels/siamese_terrace_15/IMG20260423175026.jpg,1
raw_datasets_terracepacels/siamese_terrace_20/IMG20260423175454.jpg,raw_datasets_terracepacels/siamese_terrace_20/IMG20260423175500.jpg,1
raw_datasets_terracepacels/siamese_terrace_45/IMG20260424102024.jpg,raw_datasets_terracepacels/siamese_terrace_4/IMG20260423172911.jpg,0
raw_datasets_terracepacels/siamese_terrace_75/IMG20260424110947.jpg,raw_datasets_terracepacels/siamese_terrace_75/IMG20260424110952.jpg,1
raw_datasets_terracepacels/siamese_terrace_84/IMG20260424112456.jpg,raw_datasets_terracepacels/siamese_terrace_94/IMG20260424113307.jpg,0
raw_datasets_terracepacels/siamese_terrace_81/IMG20260424111442.jpg,raw_datasets_terracepacels/siamese_terrace_81/IMG20260424111453.jpg,1
raw_datasets_terracepacels/siamese_terrace_4/IMG20260423172859.jpg,raw_datasets_terracepacels/siamese_terrace_8/IMG20260423173628.jpg,0
raw_datasets_terracepacels/siamese_terrace_9/IMG20260423173738.jpg,raw_datasets_terracepacels/siamese_terrace_35/IMG20260423181459.jpg,0
raw_datasets_terracepacels/siamese_terrace_17/IMG20260423175326.jpg,raw_datasets_terracepacels/siamese_terrace_54/IMG20260424103337.jpg,0
raw_datasets_terracepacels/siamese_terrace_47/IMG20260424102154.jpg,raw_datasets_terracepacels/siamese_terrace_5/IMG20260423172959.jpg,0
raw_datasets_terracepacels/siamese_terrace_87/IMG20260424112802.jpg,raw_datasets_terracepacels/siamese_terrace_87/IMG20260424112806.jpg,1
raw_datasets_terracepacels/siamese_terrace_79/IMG20260424111342.jpg,raw_datasets_terracepacels/siamese_terrace_31/IMG20260423181051.jpg,0
raw_datasets_terracepacels/siamese_terrace_7/IMG20260423173227.jpg,raw_datasets_terracepacels/siamese_terrace_49/IMG20260424102458.jpg,0
raw_datasets_terracepacels/siamese_terrace_32/IMG20260423181203.jpg,raw_datasets_terracepacels/siamese_terrace_10/IMG20260423173810.jpg,0
raw_datasets_terracepacels/siamese_terrace_55/IMG20260424103548.jpg,raw_datasets_terracepacels/siamese_terrace_75/IMG20260424110938.jpg,0
raw_datasets_terracepacels/siamese_terrace_38/IMG20260424101043.jpg,raw_datasets_terracepacels/siamese_terrace_75/IMG20260424111001.jpg,0
raw_datasets_terracepacels/siamese_terrace_18/IMG20260423175349.jpg,raw_datasets_terracepacels/siamese_terrace_59/IMG20260424104308.jpg,0
raw_datasets_terracepacels/siamese_terrace_83/IMG20260424112358.jpg,raw_datasets_terracepacels/siamese_terrace_83/IMG20260424112417.jpg,1
raw_datasets_terracepacels/siamese_terrace_47/IMG20260424102203.jpg,raw_datasets_terracepacels/siamese_terrace_47/IMG20260424102210.jpg,1
raw_datasets_terracepacels/siamese_terrace_40/IMG20260424101245.jpg,raw_datasets_terracepacels/siamese_terrace_55/IMG20260424103533.jpg,0
raw_datasets_terracepacels/siamese_terrace_80/IMG20260424111414.jpg,raw_datasets_terracepacels/siamese_terrace_58/IMG20260424104148.jpg,0
raw_datasets_terracepacels/siamese_terrace_45/IMG20260424102050.jpg,raw_datasets_terracepacels/siamese_terrace_64/IMG20260424105625.jpg,0
raw_datasets_terracepacels/siamese_terrace_94/IMG20260424113253.jpg,raw_datasets_terracepacels/siamese_terrace_10/IMG20260423173810.jpg,0
raw_datasets_terracepacels/siamese_terrace_25/IMG20260423175926.jpg,raw_datasets_terracepacels/siamese_terrace_25/IMG20260423175935.jpg,1
raw_datasets_terracepacels/siamese_terrace_45/IMG20260424102013.jpg,raw_datasets_terracepacels/siamese_terrace_45/IMG20260424102043.jpg,1
raw_datasets_terracepacels/siamese_terrace_14/IMG20260423174856.jpg,raw_datasets_terracepacels/siamese_terrace_14/IMG20260423174924.jpg,1
raw_datasets_terracepacels/siamese_terrace_93/IMG20260424113210.jpg,raw_datasets_terracepacels/siamese_terrace_5/IMG20260423173007.jpg,0
raw_datasets_terracepacels/siamese_terrace_23/IMG20260423175757.jpg,raw_datasets_terracepacels/siamese_terrace_23/IMG20260423175804.jpg,1
raw_datasets_terracepacels/siamese_terrace_6/IMG20260423173113.jpg,raw_datasets_terracepacels/siamese_terrace_25/IMG20260423175935.jpg,0
raw_datasets_terracepacels/siamese_terrace_59/IMG20260424104303.jpg,raw_datasets_terracepacels/siamese_terrace_81/IMG20260424111442.jpg,0
raw_datasets_terracepacels/siamese_terrace_93/IMG20260424113210.jpg,raw_datasets_terracepacels/siamese_terrace_93/IMG20260424113222.jpg,1
raw_datasets_terracepacels/siamese_terrace_17/IMG20260423175258.jpg,raw_datasets_terracepacels/siamese_terrace_17/IMG20260423175326.jpg,1
raw_datasets_terracepacels/siamese_terrace_55/IMG20260424103541.jpg,raw_datasets_terracepacels/siamese_terrace_55/IMG20260424103548.jpg,1
raw_datasets_terracepacels/siamese_terrace_18/IMG20260423175349.jpg,raw_datasets_terracepacels/siamese_terrace_83/IMG20260424112424.jpg,0
raw_datasets_terracepacels/siamese_terrace_77/IMG20260424111132.jpg,raw_datasets_terracepacels/siamese_terrace_79/IMG20260424111332.jpg,0
raw_datasets_terracepacels/siamese_terrace_4/IMG20260423172852.jpg,raw_datasets_terracepacels/siamese_terrace_18/IMG20260423175358.jpg,0
raw_datasets_terracepacels/siamese_terrace_18/IMG20260423175349.jpg,raw_datasets_terracepacels/siamese_terrace_79/IMG20260424111327.jpg,0
raw_datasets_terracepacels/siamese_terrace_88/IMG20260424112828.jpg,raw_datasets_terracepacels/siamese_terrace_7/IMG20260423173206.jpg,0
raw_datasets_terracepacels/siamese_terrace_64/IMG20260424105620.jpg,raw_datasets_terracepacels/siamese_terrace_23/IMG20260423175757.jpg,0
raw_datasets_terracepacels/siamese_terrace_33/IMG20260423181341.jpg,raw_datasets_terracepacels/siamese_terrace_33/IMG20260423181349.jpg,1
raw_datasets_terracepacels/siamese_terrace_58/IMG20260424104148.jpg,raw_datasets_terracepacels/siamese_terrace_25/IMG20260423175935.jpg,0
raw_datasets_terracepacels/siamese_terrace_67/IMG20260424105936.jpg,raw_datasets_terracepacels/siamese_terrace_1/IMG20260423172324.jpg,0
raw_datasets_terracepacels/siamese_terrace_5/IMG20260423172959.jpg,raw_datasets_terracepacels/siamese_terrace_88/IMG20260424112828.jpg,0
raw_datasets_terracepacels/siamese_terrace_83/IMG20260424112424.jpg,raw_datasets_terracepacels/siamese_terrace_9/IMG20260423173730.jpg,0
raw_datasets_terracepacels/siamese_terrace_11/IMG20260423174028.jpg,raw_datasets_terracepacels/siamese_terrace_11/IMG20260423174033.jpg,1
raw_datasets_terracepacels/siamese_terrace_89/IMG20260424112933.jpg,raw_datasets_terracepacels/siamese_terrace_64/IMG20260424105557.jpg,0
raw_datasets_terracepacels/siamese_terrace_41/IMG20260424101342.jpg,raw_datasets_terracepacels/siamese_terrace_35/IMG20260423181459.jpg,0
raw_datasets_terracepacels/siamese_terrace_75/IMG20260424110930.jpg,raw_datasets_terracepacels/siamese_terrace_75/IMG20260424110952.jpg,1
raw_datasets_terracepacels/siamese_terrace_35/IMG20260423181516.jpg,raw_datasets_terracepacels/siamese_terrace_81/IMG20260424111442.jpg,0
raw_datasets_terracepacels/siamese_terrace_1/IMG20260423172343.jpg,raw_datasets_terracepacels/siamese_terrace_57/IMG20260424104009.jpg,0
raw_datasets_terracepacels/siamese_terrace_74/IMG20260424110850.jpg,raw_datasets_terracepacels/siamese_terrace_74/IMG20260424110853.jpg,1
raw_datasets_terracepacels/siamese_terrace_47/IMG20260424102216.jpg,raw_datasets_terracepacels/siamese_terrace_90/IMG20260424113011.jpg,0
raw_datasets_terracepacels/siamese_terrace_38/IMG20260424101057.jpg,raw_datasets_terracepacels/siamese_terrace_38/IMG20260424101101.jpg,1
raw_datasets_terracepacels/siamese_terrace_39/IMG20260424101213.jpg,raw_datasets_terracepacels/siamese_terrace_66/IMG20260424105818.jpg,0
raw_datasets_terracepacels/siamese_terrace_78/IMG20260424111208.jpg,raw_datasets_terracepacels/siamese_terrace_78/IMG20260424111227.jpg,1
raw_datasets_terracepacels/siamese_terrace_80/IMG20260424111400.jpg,raw_datasets_terracepacels/siamese_terrace_80/IMG20260424111414.jpg,1
raw_datasets_terracepacels/siamese_terrace_89/IMG20260424112927.jpg,raw_datasets_terracepacels/siamese_terrace_86/IMG20260424112643.jpg,0
raw_datasets_terracepacels/siamese_terrace_74/IMG20260424110908.jpg,raw_datasets_terracepacels/siamese_terrace_52/IMG20260424102953.jpg,0
raw_datasets_terracepacels/siamese_terrace_88/IMG20260424112842.jpg,raw_datasets_terracepacels/siamese_terrace_88/IMG20260424112853.jpg,1
raw_datasets_terracepacels/siamese_terrace_24/IMG20260423175829.jpg,raw_datasets_terracepacels/siamese_terrace_24/IMG20260423175838.jpg,1
raw_datasets_terracepacels/siamese_terrace_4/IMG20260423172859.jpg,raw_datasets_terracepacels/siamese_terrace_78/IMG20260424111227.jpg,0
raw_datasets_terracepacels/siamese_terrace_57/IMG20260424103908.jpg,raw_datasets_terracepacels/siamese_terrace_57/IMG20260424103926.jpg,1
raw_datasets_terracepacels/siamese_terrace_36/IMG20260423181555.jpg,raw_datasets_terracepacels/siamese_terrace_36/IMG20260423181612.jpg,1
raw_datasets_terracepacels/siamese_terrace_86/IMG20260424112635.jpg,raw_datasets_terracepacels/siamese_terrace_86/IMG20260424112702.jpg,1
raw_datasets_terracepacels/siamese_terrace_67/IMG20260424105922.jpg,raw_datasets_terracepacels/siamese_terrace_46/IMG20260424102109.jpg,0
raw_datasets_terracepacels/siamese_terrace_11/IMG20260423174013.jpg,raw_datasets_terracepacels/siamese_terrace_11/IMG20260423174033.jpg,1
raw_datasets_terracepacels/siamese_terrace_1/IMG20260423172315.jpg,raw_datasets_terracepacels/siamese_terrace_1/IMG20260423172324.jpg,1
raw_datasets_terracepacels/siamese_terrace_65/IMG20260424105649.jpg,raw_datasets_terracepacels/siamese_terrace_65/IMG20260424105706.jpg,1
raw_datasets_terracepacels/siamese_terrace_66/IMG20260424105808.jpg,raw_datasets_terracepacels/siamese_terrace_66/IMG20260424105818.jpg,1
raw_datasets_terracepacels/siamese_terrace_5/IMG20260423172951.jpg,raw_datasets_terracepacels/siamese_terrace_5/IMG20260423173012.jpg,1
raw_datasets_terracepacels/siamese_terrace_47/IMG20260424102154.jpg,raw_datasets_terracepacels/siamese_terrace_47/IMG20260424102216.jpg,1
raw_datasets_terracepacels/siamese_terrace_76/IMG20260424111034.jpg,raw_datasets_terracepacels/siamese_terrace_12/IMG20260423174707.jpg,0
raw_datasets_terracepacels/siamese_terrace_50/IMG20260424102608.jpg,raw_datasets_terracepacels/siamese_terrace_82/IMG20260424111540.jpg,0
raw_datasets_terracepacels/siamese_terrace_15/IMG20260423175031.jpg,raw_datasets_terracepacels/siamese_terrace_87/IMG20260424112806.jpg,0
raw_datasets_terracepacels/siamese_terrace_87/IMG20260424112802.jpg,raw_datasets_terracepacels/siamese_terrace_10/IMG20260423173827.jpg,0
raw_datasets_terracepacels/siamese_terrace_6/IMG20260423173113.jpg,raw_datasets_terracepacels/siamese_terrace_41/IMG20260424101333.jpg,0
raw_datasets_terracepacels/siamese_terrace_37/IMG20260424101011.jpg,raw_datasets_terracepacels/siamese_terrace_12/IMG20260423174707.jpg,0
raw_datasets_terracepacels/siamese_terrace_15/IMG20260423175038.jpg,raw_datasets_terracepacels/siamese_terrace_3/IMG20260423172535.jpg,0
raw_datasets_terracepacels/siamese_terrace_40/IMG20260424101227.jpg,raw_datasets_terracepacels/siamese_terrace_86/IMG20260424112647.jpg,0
raw_datasets_terracepacels/siamese_terrace_43/IMG20260424101735.jpg,raw_datasets_terracepacels/siamese_terrace_86/IMG20260424112647.jpg,0
raw_datasets_terracepacels/siamese_terrace_19/IMG20260423175427.jpg,raw_datasets_terracepacels/siamese_terrace_83/IMG20260424112412.jpg,0
raw_datasets_terracepacels/siamese_terrace_67/IMG20260424105922.jpg,raw_datasets_terracepacels/siamese_terrace_67/IMG20260424105942.jpg,1
raw_datasets_terracepacels/siamese_terrace_88/IMG20260424112835.jpg,raw_datasets_terracepacels/siamese_terrace_29/IMG20260423180923.jpg,0
raw_datasets_terracepacels/siamese_terrace_52/IMG20260424102935.jpg,raw_datasets_terracepacels/siamese_terrace_52/IMG20260424102944.jpg,1
raw_datasets_terracepacels/siamese_terrace_10/IMG20260423173810.jpg,raw_datasets_terracepacels/siamese_terrace_10/IMG20260423173816.jpg,1
raw_datasets_terracepacels/siamese_terrace_57/IMG20260424103908.jpg,raw_datasets_terracepacels/siamese_terrace_69/IMG20260424110126.jpg,0
raw_datasets_terracepacels/siamese_terrace_79/IMG20260424111342.jpg,raw_datasets_terracepacels/siamese_terrace_55/IMG20260424103541.jpg,0
raw_datasets_terracepacels/siamese_terrace_43/IMG20260424101728.jpg,raw_datasets_terracepacels/siamese_terrace_43/IMG20260424101735.jpg,1
raw_datasets_terracepacels/siamese_terrace_80/IMG20260424111347.jpg,raw_datasets_terracepacels/siamese_terrace_80/IMG20260424111355.jpg,1
raw_datasets_terracepacels/siamese_terrace_70/IMG20260424110426.jpg,raw_datasets_terracepacels/siamese_terrace_38/IMG20260424101101.jpg,0
raw_datasets_terracepacels/siamese_terrace_25/IMG20260423175940.jpg,raw_datasets_terracepacels/siamese_terrace_25/IMG20260423175950.jpg,1
raw_datasets_terracepacels/siamese_terrace_56/IMG20260424103741.jpg,raw_datasets_terracepacels/siamese_terrace_56/IMG20260424103747.jpg,1
raw_datasets_terracepacels/siamese_terrace_89/IMG20260424112933.jpg,raw_datasets_terracepacels/siamese_terrace_89/IMG20260424112939.jpg,1
raw_datasets_terracepacels/siamese_terrace_32/IMG20260423181159.jpg,raw_datasets_terracepacels/siamese_terrace_32/IMG20260423181203.jpg,1
raw_datasets_terracepacels/siamese_terrace_67/IMG20260424105927.jpg,raw_datasets_terracepacels/siamese_terrace_52/IMG20260424103008.jpg,0
raw_datasets_terracepacels/siamese_terrace_87/IMG20260424112806.jpg,raw_datasets_terracepacels/siamese_terrace_12/IMG20260423174735.jpg,0
raw_datasets_terracepacels/siamese_terrace_37/IMG20260424101003.jpg,raw_datasets_terracepacels/siamese_terrace_37/IMG20260424101020.jpg,1
raw_datasets_terracepacels/siamese_terrace_24/IMG20260423175838.jpg,raw_datasets_terracepacels/siamese_terrace_20/IMG20260423175454.jpg,0
raw_datasets_terracepacels/siamese_terrace_91/IMG20260424113053.jpg,raw_datasets_terracepacels/siamese_terrace_91/IMG20260424113100.jpg,1
raw_datasets_terracepacels/siamese_terrace_19/IMG20260423175427.jpg,raw_datasets_terracepacels/siamese_terrace_19/IMG20260423175432.jpg,1
raw_datasets_terracepacels/siamese_terrace_50/IMG20260424102555.jpg,raw_datasets_terracepacels/siamese_terrace_24/IMG20260423175852.jpg,0
raw_datasets_terracepacels/siamese_terrace_53/IMG20260424103028.jpg,raw_datasets_terracepacels/siamese_terrace_53/IMG20260424103036.jpg,1
raw_datasets_terracepacels/siamese_terrace_56/IMG20260424103736.jpg,raw_datasets_terracepacels/siamese_terrace_56/IMG20260424103741.jpg,1
raw_datasets_terracepacels/siamese_terrace_36/IMG20260423181617.jpg,raw_datasets_terracepacels/siamese_terrace_65/IMG20260424105712.jpg,0
raw_datasets_terracepacels/siamese_terrace_70/IMG20260424110406.jpg,raw_datasets_terracepacels/siamese_terrace_9/IMG20260423173721.jpg,0
raw_datasets_terracepacels/siamese_terrace_3/IMG20260423172520.jpg,raw_datasets_terracepacels/siamese_terrace_3/IMG20260423172535.jpg,1
raw_datasets_terracepacels/siamese_terrace_23/IMG20260423175804.jpg,raw_datasets_terracepacels/siamese_terrace_83/IMG20260424112424.jpg,0
raw_datasets_terracepacels/siamese_terrace_73/IMG20260424110751.jpg,raw_datasets_terracepacels/siamese_terrace_73/IMG20260424110757.jpg,1
raw_datasets_terracepacels/siamese_terrace_66/IMG20260424105808.jpg,raw_datasets_terracepacels/siamese_terrace_66/IMG20260424105825.jpg,1
raw_datasets_terracepacels/siamese_terrace_91/IMG20260424113053.jpg,raw_datasets_terracepacels/siamese_terrace_91/IMG20260424113108.jpg,1
raw_datasets_terracepacels/siamese_terrace_82/IMG20260424111540.jpg,raw_datasets_terracepacels/siamese_terrace_46/IMG20260424102109.jpg,0
raw_datasets_terracepacels/siamese_terrace_76/IMG20260424111034.jpg,raw_datasets_terracepacels/siamese_terrace_76/IMG20260424111053.jpg,1
raw_datasets_terracepacels/siamese_terrace_6/IMG20260423173121.jpg,raw_datasets_terracepacels/siamese_terrace_19/IMG20260423175432.jpg,0
raw_datasets_terracepacels/siamese_terrace_88/IMG20260424112828.jpg,raw_datasets_terracepacels/siamese_terrace_88/IMG20260424112847.jpg,1
raw_datasets_terracepacels/siamese_terrace_13/IMG20260423174800.jpg,raw_datasets_terracepacels/siamese_terrace_64/IMG20260424105557.jpg,0
raw_datasets_terracepacels/siamese_terrace_44/IMG20260424101815.jpg,raw_datasets_terracepacels/siamese_terrace_46/IMG20260424102134.jpg,0
raw_datasets_terracepacels/siamese_terrace_95/IMG20260424113345.jpg,raw_datasets_terracepacels/siamese_terrace_28/IMG20260423180419.jpg,0
raw_datasets_terracepacels/siamese_terrace_31/IMG20260423181051.jpg,raw_datasets_terracepacels/siamese_terrace_83/IMG20260424112407.jpg,0
raw_datasets_terracepacels/siamese_terrace_49/IMG20260424102436.jpg,raw_datasets_terracepacels/siamese_terrace_49/IMG20260424102512.jpg,1
raw_datasets_terracepacels/siamese_terrace_88/IMG20260424112835.jpg,raw_datasets_terracepacels/siamese_terrace_88/IMG20260424112853.jpg,1
raw_datasets_terracepacels/siamese_terrace_74/IMG20260424110838.jpg,raw_datasets_terracepacels/siamese_terrace_74/IMG20260424110908.jpg,1
raw_datasets_terracepacels/siamese_terrace_45/IMG20260424102050.jpg,raw_datasets_terracepacels/siamese_terrace_44/IMG20260424101831.jpg,0
raw_datasets_terracepacels/siamese_terrace_21/IMG20260423175625.jpg,raw_datasets_terracepacels/siamese_terrace_92/IMG20260424113132.jpg,0
raw_datasets_terracepacels/siamese_terrace_24/IMG20260423175838.jpg,raw_datasets_terracepacels/siamese_terrace_64/IMG20260424105620.jpg,0
raw_datasets_terracepacels/siamese_terrace_39/IMG20260424101146.jpg,raw_datasets_terracepacels/siamese_terrace_39/IMG20260424101213.jpg,1
raw_datasets_terracepacels/siamese_terrace_78/IMG20260424111227.jpg,raw_datasets_terracepacels/siamese_terrace_82/IMG20260424111532.jpg,0
raw_datasets_terracepacels/siamese_terrace_15/IMG20260423175006.jpg,raw_datasets_terracepacels/siamese_terrace_53/IMG20260424103059.jpg,0
raw_datasets_terracepacels/siamese_terrace_72/IMG20260424110646.jpg,raw_datasets_terracepacels/siamese_terrace_70/IMG20260424110435.jpg,0
raw_datasets_terracepacels/siamese_terrace_19/IMG20260423175423.jpg,raw_datasets_terracepacels/siamese_terrace_13/IMG20260423174812.jpg,0
raw_datasets_terracepacels/siamese_terrace_58/IMG20260424104154.jpg,raw_datasets_terracepacels/siamese_terrace_58/IMG20260424104203.jpg,1
raw_datasets_terracepacels/siamese_terrace_84/IMG20260424112502.jpg,raw_datasets_terracepacels/siamese_terrace_84/IMG20260424112511.jpg,1
raw_datasets_terracepacels/siamese_terrace_3/IMG20260423172520.jpg,raw_datasets_terracepacels/siamese_terrace_3/IMG20260423172540.jpg,1
raw_datasets_terracepacels/siamese_terrace_77/IMG20260424111132.jpg,raw_datasets_terracepacels/siamese_terrace_49/IMG20260424102512.jpg,0
raw_datasets_terracepacels/siamese_terrace_78/IMG20260424111159.jpg,raw_datasets_terracepacels/siamese_terrace_78/IMG20260424111208.jpg,1
raw_datasets_terracepacels/siamese_terrace_94/IMG20260424113253.jpg,raw_datasets_terracepacels/siamese_terrace_49/IMG20260424102443.jpg,0
raw_datasets_terracepacels/siamese_terrace_8/IMG20260423173628.jpg,raw_datasets_terracepacels/siamese_terrace_8/IMG20260423173634.jpg,1
raw_datasets_terracepacels/siamese_terrace_6/IMG20260423173109.jpg,raw_datasets_terracepacels/siamese_terrace_6/IMG20260423173113.jpg,1
raw_datasets_terracepacels/siamese_terrace_50/IMG20260424102547.jpg,raw_datasets_terracepacels/siamese_terrace_50/IMG20260424102601.jpg,1
raw_datasets_terracepacels/siamese_terrace_47/IMG20260424102154.jpg,raw_datasets_terracepacels/siamese_terrace_47/IMG20260424102210.jpg,1
raw_datasets_terracepacels/siamese_terrace_33/IMG20260423181329.jpg,raw_datasets_terracepacels/siamese_terrace_70/IMG20260424110443.jpg,0
raw_datasets_terracepacels/siamese_terrace_90/IMG20260424113000.jpg,raw_datasets_terracepacels/siamese_terrace_79/IMG20260424111338.jpg,0
raw_datasets_terracepacels/siamese_terrace_84/IMG20260424112511.jpg,raw_datasets_terracepacels/siamese_terrace_84/IMG20260424112518.jpg,1
raw_datasets_terracepacels/siamese_terrace_15/IMG20260423175006.jpg,raw_datasets_terracepacels/siamese_terrace_15/IMG20260423175038.jpg,1
raw_datasets_terracepacels/siamese_terrace_72/IMG20260424110657.jpg,raw_datasets_terracepacels/siamese_terrace_36/IMG20260423181612.jpg,0
raw_datasets_terracepacels/siamese_terrace_4/IMG20260423172903.jpg,raw_datasets_terracepacels/siamese_terrace_4/IMG20260423172911.jpg,1
raw_datasets_terracepacels/siamese_terrace_73/IMG20260424110745.jpg,raw_datasets_terracepacels/siamese_terrace_73/IMG20260424110801.jpg,1
raw_datasets_terracepacels/siamese_terrace_77/IMG20260424111139.jpg,raw_datasets_terracepacels/siamese_terrace_45/IMG20260424102024.jpg,0
raw_datasets_terracepacels/siamese_terrace_11/IMG20260423174019.jpg,raw_datasets_terracepacels/siamese_terrace_9/IMG20260423173727.jpg,0
raw_datasets_terracepacels/siamese_terrace_55/IMG20260424103533.jpg,raw_datasets_terracepacels/siamese_terrace_94/IMG20260424113307.jpg,0
raw_datasets_terracepacels/siamese_terrace_74/IMG20260424110850.jpg,raw_datasets_terracepacels/siamese_terrace_41/IMG20260424101357.jpg,0
raw_datasets_terracepacels/siamese_terrace_87/IMG20260424112806.jpg,raw_datasets_terracepacels/siamese_terrace_87/IMG20260424112811.jpg,1
raw_datasets_terracepacels/siamese_terrace_80/IMG20260424111355.jpg,raw_datasets_terracepacels/siamese_terrace_80/IMG20260424111400.jpg,1
raw_datasets_terracepacels/siamese_terrace_67/IMG20260424105911.jpg,raw_datasets_terracepacels/siamese_terrace_67/IMG20260424105936.jpg,1
raw_datasets_terracepacels/siamese_terrace_54/IMG20260424103337.jpg,raw_datasets_terracepacels/siamese_terrace_54/IMG20260424103344.jpg,1
raw_datasets_terracepacels/siamese_terrace_54/IMG20260424103358.jpg,raw_datasets_terracepacels/siamese_terrace_12/IMG20260423174717.jpg,0
raw_datasets_terracepacels/siamese_terrace_23/IMG20260423175820.jpg,raw_datasets_terracepacels/siamese_terrace_80/IMG20260424111347.jpg,0
raw_datasets_terracepacels/siamese_terrace_12/IMG20260423174717.jpg,raw_datasets_terracepacels/siamese_terrace_12/IMG20260423174735.jpg,1
raw_datasets_terracepacels/siamese_terrace_19/IMG20260423175414.jpg,raw_datasets_terracepacels/siamese_terrace_19/IMG20260423175432.jpg,1
raw_datasets_terracepacels/siamese_terrace_41/IMG20260424101357.jpg,raw_datasets_terracepacels/siamese_terrace_4/IMG20260423172903.jpg,0
raw_datasets_terracepacels/siamese_terrace_85/IMG20260424112536.jpg,raw_datasets_terracepacels/siamese_terrace_85/IMG20260424112604.jpg,1
raw_datasets_terracepacels/siamese_terrace_82/IMG20260424111516.jpg,raw_datasets_terracepacels/siamese_terrace_82/IMG20260424111536.jpg,1
raw_datasets_terracepacels/siamese_terrace_15/IMG20260423175016.jpg,raw_datasets_terracepacels/siamese_terrace_15/IMG20260423175031.jpg,1
raw_datasets_terracepacels/siamese_terrace_53/IMG20260424103106.jpg,raw_datasets_terracepacels/siamese_terrace_26/IMG20260423180020.jpg,0
raw_datasets_terracepacels/siamese_terrace_20/IMG20260423175445.jpg,raw_datasets_terracepacels/siamese_terrace_20/IMG20260423175452.jpg,1
raw_datasets_terracepacels/siamese_terrace_77/IMG20260424111132.jpg,raw_datasets_terracepacels/siamese_terrace_77/IMG20260424111139.jpg,1
raw_datasets_terracepacels/siamese_terrace_48/IMG20260424102253.jpg,raw_datasets_terracepacels/siamese_terrace_48/IMG20260424102306.jpg,1
raw_datasets_terracepacels/siamese_terrace_53/IMG20260424103059.jpg,raw_datasets_terracepacels/siamese_terrace_53/IMG20260424103106.jpg,1
raw_datasets_terracepacels/siamese_terrace_17/IMG20260423175314.jpg,raw_datasets_terracepacels/siamese_terrace_51/IMG20260424102858.jpg,0
raw_datasets_terracepacels/siamese_terrace_80/IMG20260424111400.jpg,raw_datasets_terracepacels/siamese_terrace_93/IMG20260424113210.jpg,0
raw_datasets_terracepacels/siamese_terrace_11/IMG20260423174028.jpg,raw_datasets_terracepacels/siamese_terrace_33/IMG20260423181329.jpg,0
raw_datasets_terracepacels/siamese_terrace_8/IMG20260423173641.jpg,raw_datasets_terracepacels/siamese_terrace_14/IMG20260423174902.jpg,0
raw_datasets_terracepacels/siamese_terrace_45/IMG20260424102043.jpg,raw_datasets_terracepacels/siamese_terrace_45/IMG20260424102050.jpg,1
raw_datasets_terracepacels/siamese_terrace_46/IMG20260424102101.jpg,raw_datasets_terracepacels/siamese_terrace_46/IMG20260424102109.jpg,1
raw_datasets_terracepacels/siamese_terrace_94/IMG20260424113300.jpg,raw_datasets_terracepacels/siamese_terrace_94/IMG20260424113307.jpg,1
raw_datasets_terracepacels/siamese_terrace_21/IMG20260423175637.jpg,raw_datasets_terracepacels/siamese_terrace_21/IMG20260423175643.jpg,1
raw_datasets_terracepacels/siamese_terrace_75/IMG20260424110947.jpg,raw_datasets_terracepacels/siamese_terrace_22/IMG20260423175711.jpg,0
raw_datasets_terracepacels/siamese_terrace_43/IMG20260424101706.jpg,raw_datasets_terracepacels/siamese_terrace_43/IMG20260424101728.jpg,1
raw_datasets_terracepacels/siamese_terrace_11/IMG20260423174019.jpg,raw_datasets_terracepacels/siamese_terrace_11/IMG20260423174028.jpg,1
raw_datasets_terracepacels/siamese_terrace_86/IMG20260424112635.jpg,raw_datasets_terracepacels/siamese_terrace_86/IMG20260424112643.jpg,1
raw_datasets_terracepacels/siamese_terrace_31/IMG20260423181047.jpg,raw_datasets_terracepacels/siamese_terrace_31/IMG20260423181051.jpg,1
raw_datasets_terracepacels/siamese_terrace_41/IMG20260424101333.jpg,raw_datasets_terracepacels/siamese_terrace_66/IMG20260424105835.jpg,0
raw_datasets_terracepacels/siamese_terrace_14/IMG20260423174856.jpg,raw_datasets_terracepacels/siamese_terrace_87/IMG20260424112811.jpg,0
raw_datasets_terracepacels/siamese_terrace_93/IMG20260424113210.jpg,raw_datasets_terracepacels/siamese_terrace_93/IMG20260424113234.jpg,1
raw_datasets_terracepacels/siamese_terrace_12/IMG20260423174717.jpg,raw_datasets_terracepacels/siamese_terrace_52/IMG20260424102935.jpg,0
raw_datasets_terracepacels/siamese_terrace_20/IMG20260423175452.jpg,raw_datasets_terracepacels/siamese_terrace_20/IMG20260423175454.jpg,1
raw_datasets_terracepacels/siamese_terrace_42/IMG20260424101557.jpg,raw_datasets_terracepacels/siamese_terrace_84/IMG20260424112518.jpg,0
raw_datasets_terracepacels/siamese_terrace_69/IMG20260424110159.jpg,raw_datasets_terracepacels/siamese_terrace_80/IMG20260424111414.jpg,0
raw_datasets_terracepacels/siamese_terrace_17/IMG20260423175258.jpg,raw_datasets_terracepacels/siamese_terrace_17/IMG20260423175314.jpg,1
raw_datasets_terracepacels/siamese_terrace_93/IMG20260424113210.jpg,raw_datasets_terracepacels/siamese_terrace_89/IMG20260424112941.jpg,0
raw_datasets_terracepacels/siamese_terrace_40/IMG20260424101227.jpg,raw_datasets_terracepacels/siamese_terrace_7/IMG20260423173214.jpg,0
raw_datasets_terracepacels/siamese_terrace_11/IMG20260423174023.jpg,raw_datasets_terracepacels/siamese_terrace_11/IMG20260423174028.jpg,1
raw_datasets_terracepacels/siamese_terrace_57/IMG20260424103926.jpg,raw_datasets_terracepacels/siamese_terrace_94/IMG20260424113253.jpg,0
raw_datasets_terracepacels/siamese_terrace_78/IMG20260424111227.jpg,raw_datasets_terracepacels/siamese_terrace_80/IMG20260424111414.jpg,0
raw_datasets_terracepacels/siamese_terrace_48/IMG20260424102300.jpg,raw_datasets_terracepacels/siamese_terrace_48/IMG20260424102321.jpg,1
raw_datasets_terracepacels/siamese_terrace_35/IMG20260423181528.jpg,raw_datasets_terracepacels/siamese_terrace_31/IMG20260423181051.jpg,0
raw_datasets_terracepacels/siamese_terrace_80/IMG20260424111347.jpg,raw_datasets_terracepacels/siamese_terrace_80/IMG20260424111414.jpg,1
raw_datasets_terracepacels/siamese_terrace_54/IMG20260424103350.jpg,raw_datasets_terracepacels/siamese_terrace_49/IMG20260424102450.jpg,0
raw_datasets_terracepacels/siamese_terrace_94/IMG20260424113311.jpg,raw_datasets_terracepacels/siamese_terrace_95/IMG20260424113335.jpg,0
raw_datasets_terracepacels/siamese_terrace_92/IMG20260424113145.jpg,raw_datasets_terracepacels/siamese_terrace_92/IMG20260424113153.jpg,1
raw_datasets_terracepacels/siamese_terrace_22/IMG20260423175721.jpg,raw_datasets_terracepacels/siamese_terrace_35/IMG20260423181528.jpg,0
raw_datasets_terracepacels/siamese_terrace_12/IMG20260423174707.jpg,raw_datasets_terracepacels/siamese_terrace_12/IMG20260423174731.jpg,1
raw_datasets_terracepacels/siamese_terrace_7/IMG20260423173156.jpg,raw_datasets_terracepacels/siamese_terrace_7/IMG20260423173214.jpg,1
raw_datasets_terracepacels/siamese_terrace_52/IMG20260424102944.jpg,raw_datasets_terracepacels/siamese_terrace_52/IMG20260424103001.jpg,1
raw_datasets_terracepacels/siamese_terrace_65/IMG20260424105659.jpg,raw_datasets_terracepacels/siamese_terrace_24/IMG20260423175829.jpg,0
raw_datasets_terracepacels/siamese_terrace_74/IMG20260424110908.jpg,raw_datasets_terracepacels/siamese_terrace_20/IMG20260423175500.jpg,0
raw_datasets_terracepacels/siamese_terrace_51/IMG20260424102904.jpg,raw_datasets_terracepacels/siamese_terrace_51/IMG20260424102909.jpg,1
raw_datasets_terracepacels/siamese_terrace_26/IMG20260423180020.jpg,raw_datasets_terracepacels/siamese_terrace_92/IMG20260424113150.jpg,0
raw_datasets_terracepacels/siamese_terrace_76/IMG20260424111044.jpg,raw_datasets_terracepacels/siamese_terrace_76/IMG20260424111053.jpg,1
raw_datasets_terracepacels/siamese_terrace_77/IMG20260424111144.jpg,raw_datasets_terracepacels/siamese_terrace_53/IMG20260424103059.jpg,0
raw_datasets_terracepacels/siamese_terrace_95/IMG20260424113345.jpg,raw_datasets_terracepacels/siamese_terrace_95/IMG20260424113352.jpg,1
raw_datasets_terracepacels/siamese_terrace_93/IMG20260424113217.jpg,raw_datasets_terracepacels/siamese_terrace_59/IMG20260424104308.jpg,0
raw_datasets_terracepacels/siamese_terrace_85/IMG20260424112536.jpg,raw_datasets_terracepacels/siamese_terrace_85/IMG20260424112542.jpg,1
raw_datasets_terracepacels/siamese_terrace_64/IMG20260424105557.jpg,raw_datasets_terracepacels/siamese_terrace_35/IMG20260423181510.jpg,0
raw_datasets_terracepacels/siamese_terrace_94/IMG20260424113311.jpg,raw_datasets_terracepacels/siamese_terrace_94/IMG20260424113316.jpg,1
raw_datasets_terracepacels/siamese_terrace_69/IMG20260424110203.jpg,raw_datasets_terracepacels/siamese_terrace_8/IMG20260423173628.jpg,0
raw_datasets_terracepacels/siamese_terrace_11/IMG20260423174013.jpg,raw_datasets_terracepacels/siamese_terrace_11/IMG20260423174028.jpg,1
raw_datasets_terracepacels/siamese_terrace_20/IMG20260423175452.jpg,raw_datasets_terracepacels/siamese_terrace_53/IMG20260424103036.jpg,0
raw_datasets_terracepacels/siamese_terrace_55/IMG20260424103541.jpg,raw_datasets_terracepacels/siamese_terrace_55/IMG20260424103555.jpg,1
raw_datasets_terracepacels/siamese_terrace_79/IMG20260424111327.jpg,raw_datasets_terracepacels/siamese_terrace_79/IMG20260424111338.jpg,1
raw_datasets_terracepacels/siamese_terrace_67/IMG20260424105927.jpg,raw_datasets_terracepacels/siamese_terrace_67/IMG20260424105936.jpg,1
raw_datasets_terracepacels/siamese_terrace_13/IMG20260423174800.jpg,raw_datasets_terracepacels/siamese_terrace_13/IMG20260423174826.jpg,1
raw_datasets_terracepacels/siamese_terrace_59/IMG20260424104318.jpg,raw_datasets_terracepacels/siamese_terrace_1/IMG20260423172338.jpg,0
raw_datasets_terracepacels/siamese_terrace_33/IMG20260423181336.jpg,raw_datasets_terracepacels/siamese_terrace_47/IMG20260424102223.jpg,0
raw_datasets_terracepacels/siamese_terrace_3/IMG20260423172520.jpg,raw_datasets_terracepacels/siamese_terrace_3/IMG20260423172551.jpg,1
raw_datasets_terracepacels/siamese_terrace_70/IMG20260424110435.jpg,raw_datasets_terracepacels/siamese_terrace_77/IMG20260424111132.jpg,0
raw_datasets_terracepacels/siamese_terrace_28/IMG20260423180403.jpg,raw_datasets_terracepacels/siamese_terrace_28/IMG20260423180412.jpg,1
raw_datasets_terracepacels/siamese_terrace_38/IMG20260424101049.jpg,raw_datasets_terracepacels/siamese_terrace_38/IMG20260424101101.jpg,1
raw_datasets_terracepacels/siamese_terrace_57/IMG20260424103932.jpg,raw_datasets_terracepacels/siamese_terrace_74/IMG20260424110900.jpg,0
raw_datasets_terracepacels/siamese_terrace_10/IMG20260423173810.jpg,raw_datasets_terracepacels/siamese_terrace_22/IMG20260423175721.jpg,0
raw_datasets_terracepacels/siamese_terrace_25/IMG20260423175950.jpg,raw_datasets_terracepacels/siamese_terrace_32/IMG20260423181145.jpg,0
raw_datasets_terracepacels/siamese_terrace_7/IMG20260423173227.jpg,raw_datasets_terracepacels/siamese_terrace_65/IMG20260424105655.jpg,0
raw_datasets_terracepacels/siamese_terrace_18/IMG20260423175342.jpg,raw_datasets_terracepacels/siamese_terrace_41/IMG20260424101333.jpg,0
raw_datasets_terracepacels/siamese_terrace_4/IMG20260423172852.jpg,raw_datasets_terracepacels/siamese_terrace_35/IMG20260423181459.jpg,0
raw_datasets_terracepacels/siamese_terrace_19/IMG20260423175419.jpg,raw_datasets_terracepacels/siamese_terrace_19/IMG20260423175423.jpg,1
raw_datasets_terracepacels/siamese_terrace_88/IMG20260424112853.jpg,raw_datasets_terracepacels/siamese_terrace_70/IMG20260424110418.jpg,0
raw_datasets_terracepacels/siamese_terrace_84/IMG20260424112502.jpg,raw_datasets_terracepacels/siamese_terrace_3/IMG20260423172535.jpg,0
raw_datasets_terracepacels/siamese_terrace_54/IMG20260424103344.jpg,raw_datasets_terracepacels/siamese_terrace_36/IMG20260423181602.jpg,0
raw_datasets_terracepacels/siamese_terrace_41/IMG20260424101333.jpg,raw_datasets_terracepacels/siamese_terrace_41/IMG20260424101357.jpg,1
raw_datasets_terracepacels/siamese_terrace_20/IMG20260423175454.jpg,raw_datasets_terracepacels/siamese_terrace_37/IMG20260424101003.jpg,0
raw_datasets_terracepacels/siamese_terrace_58/IMG20260424104148.jpg,raw_datasets_terracepacels/siamese_terrace_58/IMG20260424104203.jpg,1
raw_datasets_terracepacels/siamese_terrace_30/IMG20260423181013.jpg,raw_datasets_terracepacels/siamese_terrace_30/IMG20260423181024.jpg,1
raw_datasets_terracepacels/siamese_terrace_90/IMG20260424113007.jpg,raw_datasets_terracepacels/siamese_terrace_90/IMG20260424113028.jpg,1
raw_datasets_terracepacels/siamese_terrace_89/IMG20260424112933.jpg,raw_datasets_terracepacels/siamese_terrace_83/IMG20260424112417.jpg,0
raw_datasets_terracepacels/siamese_terrace_14/IMG20260423174918.jpg,raw_datasets_terracepacels/siamese_terrace_20/IMG20260423175445.jpg,0
raw_datasets_terracepacels/siamese_terrace_23/IMG20260423175757.jpg,raw_datasets_terracepacels/siamese_terrace_23/IMG20260423175820.jpg,1
raw_datasets_terracepacels/siamese_terrace_55/IMG20260424103555.jpg,raw_datasets_terracepacels/siamese_terrace_55/IMG20260424103602.jpg,1
raw_datasets_terracepacels/siamese_terrace_12/IMG20260423174726.jpg,raw_datasets_terracepacels/siamese_terrace_12/IMG20260423174735.jpg,1
raw_datasets_terracepacels/siamese_terrace_91/IMG20260424113053.jpg,raw_datasets_terracepacels/siamese_terrace_91/IMG20260424113112.jpg,1
raw_datasets_terracepacels/siamese_terrace_35/IMG20260423181510.jpg,raw_datasets_terracepacels/siamese_terrace_15/IMG20260423175026.jpg,0
raw_datasets_terracepacels/siamese_terrace_32/IMG20260423181208.jpg,raw_datasets_terracepacels/siamese_terrace_32/IMG20260423181213.jpg,1
raw_datasets_terracepacels/siamese_terrace_14/IMG20260423174856.jpg,raw_datasets_terracepacels/siamese_terrace_14/IMG20260423174902.jpg,1
raw_datasets_terracepacels/siamese_terrace_82/IMG20260424111526.jpg,raw_datasets_terracepacels/siamese_terrace_86/IMG20260424112656.jpg,0
raw_datasets_terracepacels/siamese_terrace_84/IMG20260424112456.jpg,raw_datasets_terracepacels/siamese_terrace_84/IMG20260424112518.jpg,1
raw_datasets_terracepacels/siamese_terrace_57/IMG20260424103908.jpg,raw_datasets_terracepacels/siamese_terrace_57/IMG20260424104009.jpg,1
raw_datasets_terracepacels/siamese_terrace_12/IMG20260423174726.jpg,raw_datasets_terracepacels/siamese_terrace_12/IMG20260423174731.jpg,1
raw_datasets_terracepacels/siamese_terrace_47/IMG20260424102210.jpg,raw_datasets_terracepacels/siamese_terrace_47/IMG20260424102223.jpg,1
raw_datasets_terracepacels/siamese_terrace_84/IMG20260424112511.jpg,raw_datasets_terracepacels/siamese_terrace_53/IMG20260424103036.jpg,0
raw_datasets_terracepacels/siamese_terrace_89/IMG20260424112941.jpg,raw_datasets_terracepacels/siamese_terrace_43/IMG20260424101728.jpg,0
raw_datasets_terracepacels/siamese_terrace_72/IMG20260424110646.jpg,raw_datasets_terracepacels/siamese_terrace_94/IMG20260424113307.jpg,0
raw_datasets_terracepacels/siamese_terrace_1/IMG20260423172324.jpg,raw_datasets_terracepacels/siamese_terrace_40/IMG20260424101236.jpg,0
raw_datasets_terracepacels/siamese_terrace_31/IMG20260423181047.jpg,raw_datasets_terracepacels/siamese_terrace_31/IMG20260423181105.jpg,1
raw_datasets_terracepacels/siamese_terrace_20/IMG20260423175445.jpg,raw_datasets_terracepacels/siamese_terrace_38/IMG20260424101037.jpg,0
raw_datasets_terracepacels/siamese_terrace_25/IMG20260423175926.jpg,raw_datasets_terracepacels/siamese_terrace_43/IMG20260424101744.jpg,0
raw_datasets_terracepacels/siamese_terrace_20/IMG20260423175500.jpg,raw_datasets_terracepacels/siamese_terrace_54/IMG20260424103344.jpg,0
raw_datasets_terracepacels/siamese_terrace_43/IMG20260424101706.jpg,raw_datasets_terracepacels/siamese_terrace_87/IMG20260424112819.jpg,0
raw_datasets_terracepacels/siamese_terrace_48/IMG20260424102253.jpg,raw_datasets_terracepacels/siamese_terrace_48/IMG20260424102300.jpg,1
raw_datasets_terracepacels/siamese_terrace_35/IMG20260423181516.jpg,raw_datasets_terracepacels/siamese_terrace_35/IMG20260423181528.jpg,1
raw_datasets_terracepacels/siamese_terrace_1/IMG20260423172343.jpg,raw_datasets_terracepacels/siamese_terrace_1/IMG20260423172352.jpg,1
raw_datasets_terracepacels/siamese_terrace_30/IMG20260423181024.jpg,raw_datasets_terracepacels/siamese_terrace_77/IMG20260424111151.jpg,0
raw_datasets_terracepacels/siamese_terrace_26/IMG20260423180006.jpg,raw_datasets_terracepacels/siamese_terrace_24/IMG20260423175829.jpg,0
raw_datasets_terracepacels/siamese_terrace_82/IMG20260424111516.jpg,raw_datasets_terracepacels/siamese_terrace_82/IMG20260424111532.jpg,1
raw_datasets_terracepacels/siamese_terrace_24/IMG20260423175829.jpg,raw_datasets_terracepacels/siamese_terrace_24/IMG20260423175834.jpg,1
raw_datasets_terracepacels/siamese_terrace_18/IMG20260423175349.jpg,raw_datasets_terracepacels/siamese_terrace_18/IMG20260423175402.jpg,1
raw_datasets_terracepacels/siamese_terrace_82/IMG20260424111532.jpg,raw_datasets_terracepacels/siamese_terrace_82/IMG20260424111540.jpg,1
raw_datasets_terracepacels/siamese_terrace_53/IMG20260424103036.jpg,raw_datasets_terracepacels/siamese_terrace_53/IMG20260424103059.jpg,1
raw_datasets_terracepacels/siamese_terrace_83/IMG20260424112424.jpg,raw_datasets_terracepacels/siamese_terrace_29/IMG20260423180936.jpg,0
raw_datasets_terracepacels/siamese_terrace_65/IMG20260424105649.jpg,raw_datasets_terracepacels/siamese_terrace_65/IMG20260424105655.jpg,1
raw_datasets_terracepacels/siamese_terrace_92/IMG20260424113141.jpg,raw_datasets_terracepacels/siamese_terrace_86/IMG20260424112643.jpg,0
raw_datasets_terracepacels/siamese_terrace_72/IMG20260424110650.jpg,raw_datasets_terracepacels/siamese_terrace_15/IMG20260423175031.jpg,0
raw_datasets_terracepacels/siamese_terrace_50/IMG20260424102555.jpg,raw_datasets_terracepacels/siamese_terrace_50/IMG20260424102601.jpg,1
raw_datasets_terracepacels/siamese_terrace_47/IMG20260424102203.jpg,raw_datasets_terracepacels/siamese_terrace_47/IMG20260424102223.jpg,1
raw_datasets_terracepacels/siamese_terrace_52/IMG20260424103001.jpg,raw_datasets_terracepacels/siamese_terrace_31/IMG20260423181058.jpg,0
raw_datasets_terracepacels/siamese_terrace_81/IMG20260424111437.jpg,raw_datasets_terracepacels/siamese_terrace_81/IMG20260424111501.jpg,1
raw_datasets_terracepacels/siamese_terrace_88/IMG20260424112828.jpg,raw_datasets_terracepacels/siamese_terrace_65/IMG20260424105655.jpg,0
raw_datasets_terracepacels/siamese_terrace_4/IMG20260423172843.jpg,raw_datasets_terracepacels/siamese_terrace_4/IMG20260423172852.jpg,1
raw_datasets_terracepacels/siamese_terrace_13/IMG20260423174800.jpg,raw_datasets_terracepacels/siamese_terrace_8/IMG20260423173628.jpg,0
raw_datasets_terracepacels/siamese_terrace_77/IMG20260424111144.jpg,raw_datasets_terracepacels/siamese_terrace_77/IMG20260424111151.jpg,1
raw_datasets_terracepacels/siamese_terrace_13/IMG20260423174800.jpg,raw_datasets_terracepacels/siamese_terrace_13/IMG20260423174807.jpg,1
raw_datasets_terracepacels/siamese_terrace_78/IMG20260424111214.jpg,raw_datasets_terracepacels/siamese_terrace_78/IMG20260424111218.jpg,1
raw_datasets_terracepacels/siamese_terrace_86/IMG20260424112643.jpg,raw_datasets_terracepacels/siamese_terrace_81/IMG20260424111501.jpg,0
raw_datasets_terracepacels/siamese_terrace_70/IMG20260424110426.jpg,raw_datasets_terracepacels/siamese_terrace_70/IMG20260424110443.jpg,1
raw_datasets_terracepacels/siamese_terrace_6/IMG20260423173113.jpg,raw_datasets_terracepacels/siamese_terrace_6/IMG20260423173121.jpg,1
raw_datasets_terracepacels/siamese_terrace_74/IMG20260424110853.jpg,raw_datasets_terracepacels/siamese_terrace_74/IMG20260424110908.jpg,1
raw_datasets_terracepacels/siamese_terrace_59/IMG20260424104303.jpg,raw_datasets_terracepacels/siamese_terrace_59/IMG20260424104308.jpg,1
raw_datasets_terracepacels/siamese_terrace_89/IMG20260424112939.jpg,raw_datasets_terracepacels/siamese_terrace_89/IMG20260424112941.jpg,1
raw_datasets_terracepacels/siamese_terrace_30/IMG20260423180955.jpg,raw_datasets_terracepacels/siamese_terrace_30/IMG20260423181007.jpg,1
raw_datasets_terracepacels/siamese_terrace_76/IMG20260424111034.jpg,raw_datasets_terracepacels/siamese_terrace_76/IMG20260424111044.jpg,1
raw_datasets_terracepacels/siamese_terrace_84/IMG20260424112518.jpg,raw_datasets_terracepacels/siamese_terrace_59/IMG20260424104308.jpg,0
raw_datasets_terracepacels/siamese_terrace_30/IMG20260423181024.jpg,raw_datasets_terracepacels/siamese_terrace_64/IMG20260424105625.jpg,0
raw_datasets_terracepacels/siamese_terrace_76/IMG20260424111053.jpg,raw_datasets_terracepacels/siamese_terrace_17/IMG20260423175258.jpg,0
raw_datasets_terracepacels/siamese_terrace_77/IMG20260424111132.jpg,raw_datasets_terracepacels/siamese_terrace_77/IMG20260424111151.jpg,1
raw_datasets_terracepacels/siamese_terrace_39/IMG20260424101154.jpg,raw_datasets_terracepacels/siamese_terrace_80/IMG20260424111414.jpg,0
raw_datasets_terracepacels/siamese_terrace_42/IMG20260424101549.jpg,raw_datasets_terracepacels/siamese_terrace_42/IMG20260424101606.jpg,1
raw_datasets_terracepacels/siamese_terrace_89/IMG20260424112920.jpg,raw_datasets_terracepacels/siamese_terrace_1/IMG20260423172315.jpg,0
raw_datasets_terracepacels/siamese_terrace_13/IMG20260423174800.jpg,raw_datasets_terracepacels/siamese_terrace_64/IMG20260424105620.jpg,0
raw_datasets_terracepacels/siamese_terrace_54/IMG20260424103337.jpg,raw_datasets_terracepacels/siamese_terrace_95/IMG20260424113345.jpg,0
raw_datasets_terracepacels/siamese_terrace_30/IMG20260423181024.jpg,raw_datasets_terracepacels/siamese_terrace_57/IMG20260424104009.jpg,0
raw_datasets_terracepacels/siamese_terrace_4/IMG20260423172843.jpg,raw_datasets_terracepacels/siamese_terrace_4/IMG20260423172903.jpg,1
raw_datasets_terracepacels/siamese_terrace_40/IMG20260424101245.jpg,raw_datasets_terracepacels/siamese_terrace_10/IMG20260423173821.jpg,0
raw_datasets_terracepacels/siamese_terrace_1/IMG20260423172352.jpg,raw_datasets_terracepacels/siamese_terrace_31/IMG20260423181038.jpg,0
raw_datasets_terracepacels/siamese_terrace_59/IMG20260424104303.jpg,raw_datasets_terracepacels/siamese_terrace_76/IMG20260424111022.jpg,0
raw_datasets_terracepacels/siamese_terrace_85/IMG20260424112542.jpg,raw_datasets_terracepacels/siamese_terrace_85/IMG20260424112547.jpg,1
raw_datasets_terracepacels/siamese_terrace_25/IMG20260423175944.jpg,raw_datasets_terracepacels/siamese_terrace_25/IMG20260423175950.jpg,1
raw_datasets_terracepacels/siamese_terrace_26/IMG20260423180000.jpg,raw_datasets_terracepacels/siamese_terrace_26/IMG20260423180027.jpg,1
raw_datasets_terracepacels/siamese_terrace_3/IMG20260423172540.jpg,raw_datasets_terracepacels/siamese_terrace_3/IMG20260423172551.jpg,1
raw_datasets_terracepacels/siamese_terrace_13/IMG20260423174812.jpg,raw_datasets_terracepacels/siamese_terrace_35/IMG20260423181510.jpg,0
raw_datasets_terracepacels/siamese_terrace_94/IMG20260424113253.jpg,raw_datasets_terracepacels/siamese_terrace_94/IMG20260424113307.jpg,1
raw_datasets_terracepacels/siamese_terrace_19/IMG20260423175423.jpg,raw_datasets_terracepacels/siamese_terrace_19/IMG20260423175432.jpg,1
raw_datasets_terracepacels/siamese_terrace_22/IMG20260423175711.jpg,raw_datasets_terracepacels/siamese_terrace_22/IMG20260423175734.jpg,1
raw_datasets_terracepacels/siamese_terrace_90/IMG20260424113000.jpg,raw_datasets_terracepacels/siamese_terrace_92/IMG20260424113150.jpg,0
raw_datasets_terracepacels/siamese_terrace_41/IMG20260424101342.jpg,raw_datasets_terracepacels/siamese_terrace_41/IMG20260424101349.jpg,1
raw_datasets_terracepacels/siamese_terrace_12/IMG20260423174717.jpg,raw_datasets_terracepacels/siamese_terrace_8/IMG20260423173628.jpg,0
raw_datasets_terracepacels/siamese_terrace_88/IMG20260424112835.jpg,raw_datasets_terracepacels/siamese_terrace_17/IMG20260423175314.jpg,0
raw_datasets_terracepacels/siamese_terrace_41/IMG20260424101327.jpg,raw_datasets_terracepacels/siamese_terrace_11/IMG20260423174033.jpg,0
raw_datasets_terracepacels/siamese_terrace_81/IMG20260424111430.jpg,raw_datasets_terracepacels/siamese_terrace_81/IMG20260424111501.jpg,1
raw_datasets_terracepacels/siamese_terrace_45/IMG20260424102013.jpg,raw_datasets_terracepacels/siamese_terrace_11/IMG20260423174028.jpg,0
raw_datasets_terracepacels/siamese_terrace_67/IMG20260424105942.jpg,raw_datasets_terracepacels/siamese_terrace_58/IMG20260424104148.jpg,0
raw_datasets_terracepacels/siamese_terrace_39/IMG20260424101146.jpg,raw_datasets_terracepacels/siamese_terrace_39/IMG20260424101203.jpg,1
raw_datasets_terracepacels/siamese_terrace_58/IMG20260424104148.jpg,raw_datasets_terracepacels/siamese_terrace_58/IMG20260424104214.jpg,1
raw_datasets_terracepacels/siamese_terrace_72/IMG20260424110636.jpg,raw_datasets_terracepacels/siamese_terrace_72/IMG20260424110646.jpg,1
raw_datasets_terracepacels/siamese_terrace_73/IMG20260424110757.jpg,raw_datasets_terracepacels/siamese_terrace_58/IMG20260424104203.jpg,0
raw_datasets_terracepacels/siamese_terrace_85/IMG20260424112542.jpg,raw_datasets_terracepacels/siamese_terrace_85/IMG20260424112556.jpg,1
raw_datasets_terracepacels/siamese_terrace_57/IMG20260424103938.jpg,raw_datasets_terracepacels/siamese_terrace_48/IMG20260424102315.jpg,0
raw_datasets_terracepacels/siamese_terrace_33/IMG20260423181341.jpg,raw_datasets_terracepacels/siamese_terrace_33/IMG20260423181345.jpg,1
raw_datasets_terracepacels/siamese_terrace_78/IMG20260424111218.jpg,raw_datasets_terracepacels/siamese_terrace_13/IMG20260423174826.jpg,0
raw_datasets_terracepacels/siamese_terrace_6/IMG20260423173100.jpg,raw_datasets_terracepacels/siamese_terrace_6/IMG20260423173121.jpg,1
raw_datasets_terracepacels/siamese_terrace_13/IMG20260423174826.jpg,raw_datasets_terracepacels/siamese_terrace_87/IMG20260424112806.jpg,0
raw_datasets_terracepacels/siamese_terrace_8/IMG20260423173628.jpg,raw_datasets_terracepacels/siamese_terrace_78/IMG20260424111208.jpg,0
raw_datasets_terracepacels/siamese_terrace_20/IMG20260423175445.jpg,raw_datasets_terracepacels/siamese_terrace_20/IMG20260423175454.jpg,1
raw_datasets_terracepacels/siamese_terrace_36/IMG20260423181555.jpg,raw_datasets_terracepacels/siamese_terrace_36/IMG20260423181622.jpg,1
raw_datasets_terracepacels/siamese_terrace_31/IMG20260423181051.jpg,raw_datasets_terracepacels/siamese_terrace_72/IMG20260424110703.jpg,0
raw_datasets_terracepacels/siamese_terrace_56/IMG20260424103733.jpg,raw_datasets_terracepacels/siamese_terrace_56/IMG20260424103741.jpg,1
raw_datasets_terracepacels/siamese_terrace_84/IMG20260424112456.jpg,raw_datasets_terracepacels/siamese_terrace_54/IMG20260424103350.jpg,0
raw_datasets_terracepacels/siamese_terrace_12/IMG20260423174717.jpg,raw_datasets_terracepacels/siamese_terrace_12/IMG20260423174731.jpg,1
raw_datasets_terracepacels/siamese_terrace_67/IMG20260424105927.jpg,raw_datasets_terracepacels/siamese_terrace_39/IMG20260424101154.jpg,0
raw_datasets_terracepacels/siamese_terrace_36/IMG20260423181617.jpg,raw_datasets_terracepacels/siamese_terrace_36/IMG20260423181622.jpg,1
raw_datasets_terracepacels/siamese_terrace_67/IMG20260424105922.jpg,raw_datasets_terracepacels/siamese_terrace_48/IMG20260424102306.jpg,0
raw_datasets_terracepacels/siamese_terrace_85/IMG20260424112536.jpg,raw_datasets_terracepacels/siamese_terrace_80/IMG20260424111400.jpg,0
raw_datasets_terracepacels/siamese_terrace_78/IMG20260424111214.jpg,raw_datasets_terracepacels/siamese_terrace_53/IMG20260424103036.jpg,0
raw_datasets_terracepacels/siamese_terrace_26/IMG20260423180000.jpg,raw_datasets_terracepacels/siamese_terrace_26/IMG20260423180011.jpg,1
raw_datasets_terracepacels/siamese_terrace_29/IMG20260423180917.jpg,raw_datasets_terracepacels/siamese_terrace_29/IMG20260423180923.jpg,1
raw_datasets_terracepacels/siamese_terrace_86/IMG20260424112635.jpg,raw_datasets_terracepacels/siamese_terrace_86/IMG20260424112647.jpg,1
raw_datasets_terracepacels/siamese_terrace_75/IMG20260424110930.jpg,raw_datasets_terracepacels/siamese_terrace_75/IMG20260424110947.jpg,1
raw_datasets_terracepacels/siamese_terrace_19/IMG20260423175423.jpg,raw_datasets_terracepacels/siamese_terrace_94/IMG20260424113300.jpg,0
raw_datasets_terracepacels/siamese_terrace_86/IMG20260424112643.jpg,raw_datasets_terracepacels/siamese_terrace_85/IMG20260424112542.jpg,0
raw_datasets_terracepacels/siamese_terrace_50/IMG20260424102608.jpg,raw_datasets_terracepacels/siamese_terrace_52/IMG20260424102944.jpg,0
raw_datasets_terracepacels/siamese_terrace_86/IMG20260424112635.jpg,raw_datasets_terracepacels/siamese_terrace_92/IMG20260424113145.jpg,0
raw_datasets_terracepacels/siamese_terrace_43/IMG20260424101720.jpg,raw_datasets_terracepacels/siamese_terrace_23/IMG20260423175811.jpg,0
raw_datasets_terracepacels/siamese_terrace_70/IMG20260424110418.jpg,raw_datasets_terracepacels/siamese_terrace_14/IMG20260423174856.jpg,0
raw_datasets_terracepacels/siamese_terrace_7/IMG20260423173156.jpg,raw_datasets_terracepacels/siamese_terrace_56/IMG20260424103747.jpg,0
raw_datasets_terracepacels/siamese_terrace_94/IMG20260424113316.jpg,raw_datasets_terracepacels/siamese_terrace_30/IMG20260423181013.jpg,0
raw_datasets_terracepacels/siamese_terrace_80/IMG20260424111414.jpg,raw_datasets_terracepacels/siamese_terrace_51/IMG20260424102919.jpg,0
raw_datasets_terracepacels/siamese_terrace_3/IMG20260423172527.jpg,raw_datasets_terracepacels/siamese_terrace_3/IMG20260423172535.jpg,1
raw_datasets_terracepacels/siamese_terrace_12/IMG20260423174726.jpg,raw_datasets_terracepacels/siamese_terrace_78/IMG20260424111159.jpg,0
raw_datasets_terracepacels/siamese_terrace_85/IMG20260424112547.jpg,raw_datasets_terracepacels/siamese_terrace_85/IMG20260424112604.jpg,1
raw_datasets_terracepacels/siamese_terrace_23/IMG20260423175804.jpg,raw_datasets_terracepacels/siamese_terrace_23/IMG20260423175811.jpg,1
raw_datasets_terracepacels/siamese_terrace_59/IMG20260424104255.jpg,raw_datasets_terracepacels/siamese_terrace_59/IMG20260424104318.jpg,1
raw_datasets_terracepacels/siamese_terrace_5/IMG20260423172959.jpg,raw_datasets_terracepacels/siamese_terrace_5/IMG20260423173012.jpg,1
raw_datasets_terracepacels/siamese_terrace_49/IMG20260424102450.jpg,raw_datasets_terracepacels/siamese_terrace_22/IMG20260423175721.jpg,0
raw_datasets_terracepacels/siamese_terrace_44/IMG20260424101815.jpg,raw_datasets_terracepacels/siamese_terrace_44/IMG20260424101831.jpg,1
raw_datasets_terracepacels/siamese_terrace_53/IMG20260424103049.jpg,raw_datasets_terracepacels/siamese_terrace_53/IMG20260424103106.jpg,1
raw_datasets_terracepacels/siamese_terrace_29/IMG20260423180912.jpg,raw_datasets_terracepacels/siamese_terrace_21/IMG20260423175625.jpg,0
raw_datasets_terracepacels/siamese_terrace_9/IMG20260423173711.jpg,raw_datasets_terracepacels/siamese_terrace_66/IMG20260424105825.jpg,0
raw_datasets_terracepacels/siamese_terrace_29/IMG20260423180923.jpg,raw_datasets_terracepacels/siamese_terrace_72/IMG20260424110646.jpg,0
raw_datasets_terracepacels/siamese_terrace_75/IMG20260424110947.jpg,raw_datasets_terracepacels/siamese_terrace_75/IMG20260424111001.jpg,1
raw_datasets_terracepacels/siamese_terrace_49/IMG20260424102443.jpg,raw_datasets_terracepacels/siamese_terrace_49/IMG20260424102450.jpg,1
raw_datasets_terracepacels/siamese_terrace_56/IMG20260424103741.jpg,raw_datasets_terracepacels/siamese_terrace_10/IMG20260423173821.jpg,0
raw_datasets_terracepacels/siamese_terrace_44/IMG20260424101831.jpg,raw_datasets_terracepacels/siamese_terrace_48/IMG20260424102300.jpg,0
raw_datasets_terracepacels/siamese_terrace_11/IMG20260423174013.jpg,raw_datasets_terracepacels/siamese_terrace_11/IMG20260423174019.jpg,1
raw_datasets_terracepacels/siamese_terrace_90/IMG20260424113011.jpg,raw_datasets_terracepacels/siamese_terrace_90/IMG20260424113028.jpg,1
raw_datasets_terracepacels/siamese_terrace_81/IMG20260424111453.jpg,raw_datasets_terracepacels/siamese_terrace_4/IMG20260423172903.jpg,0
raw_datasets_terracepacels/siamese_terrace_54/IMG20260424103330.jpg,raw_datasets_terracepacels/siamese_terrace_82/IMG20260424111532.jpg,0
raw_datasets_terracepacels/siamese_terrace_55/IMG20260424103533.jpg,raw_datasets_terracepacels/siamese_terrace_55/IMG20260424103548.jpg,1
raw_datasets_terracepacels/siamese_terrace_19/IMG20260423175414.jpg,raw_datasets_terracepacels/siamese_terrace_19/IMG20260423175427.jpg,1
raw_datasets_terracepacels/siamese_terrace_89/IMG20260424112920.jpg,raw_datasets_terracepacels/siamese_terrace_89/IMG20260424112939.jpg,1
raw_datasets_terracepacels/siamese_terrace_69/IMG20260424110126.jpg,raw_datasets_terracepacels/siamese_terrace_69/IMG20260424110146.jpg,1
raw_datasets_terracepacels/siamese_terrace_31/IMG20260423181051.jpg,raw_datasets_terracepacels/siamese_terrace_74/IMG20260424110853.jpg,0
raw_datasets_terracepacels/siamese_terrace_19/IMG20260423175423.jpg,raw_datasets_terracepacels/siamese_terrace_91/IMG20260424113112.jpg,0
raw_datasets_terracepacels/siamese_terrace_88/IMG20260424112847.jpg,raw_datasets_terracepacels/siamese_terrace_88/IMG20260424112853.jpg,1
raw_datasets_terracepacels/siamese_terrace_93/IMG20260424113227.jpg,raw_datasets_terracepacels/siamese_terrace_73/IMG20260424110745.jpg,0
raw_datasets_terracepacels/siamese_terrace_32/IMG20260423181145.jpg,raw_datasets_terracepacels/siamese_terrace_32/IMG20260423181159.jpg,1
raw_datasets_terracepacels/siamese_terrace_51/IMG20260424102842.jpg,raw_datasets_terracepacels/siamese_terrace_51/IMG20260424102909.jpg,1
raw_datasets_terracepacels/siamese_terrace_1/IMG20260423172324.jpg,raw_datasets_terracepacels/siamese_terrace_1/IMG20260423172338.jpg,1
raw_datasets_terracepacels/siamese_terrace_67/IMG20260424105922.jpg,raw_datasets_terracepacels/siamese_terrace_13/IMG20260423174826.jpg,0
raw_datasets_terracepacels/siamese_terrace_54/IMG20260424103344.jpg,raw_datasets_terracepacels/siamese_terrace_3/IMG20260423172540.jpg,0
raw_datasets_terracepacels/siamese_terrace_37/IMG20260424100945.jpg,raw_datasets_terracepacels/siamese_terrace_37/IMG20260424100955.jpg,1
raw_datasets_terracepacels/siamese_terrace_45/IMG20260424102024.jpg,raw_datasets_terracepacels/siamese_terrace_58/IMG20260424104203.jpg,0
raw_datasets_terracepacels/siamese_terrace_75/IMG20260424110938.jpg,raw_datasets_terracepacels/siamese_terrace_75/IMG20260424111001.jpg,1
raw_datasets_terracepacels/siamese_terrace_66/IMG20260424105825.jpg,raw_datasets_terracepacels/siamese_terrace_81/IMG20260424111501.jpg,0
raw_datasets_terracepacels/siamese_terrace_54/IMG20260424103350.jpg,raw_datasets_terracepacels/siamese_terrace_54/IMG20260424103358.jpg,1
raw_datasets_terracepacels/siamese_terrace_20/IMG20260423175452.jpg,raw_datasets_terracepacels/siamese_terrace_30/IMG20260423180955.jpg,0
raw_datasets_terracepacels/siamese_terrace_90/IMG20260424113011.jpg,raw_datasets_terracepacels/siamese_terrace_90/IMG20260424113017.jpg,1
raw_datasets_terracepacels/siamese_terrace_42/IMG20260424101611.jpg,raw_datasets_terracepacels/siamese_terrace_33/IMG20260423181341.jpg,0
raw_datasets_terracepacels/siamese_terrace_75/IMG20260424110947.jpg,raw_datasets_terracepacels/siamese_terrace_67/IMG20260424105911.jpg,0
raw_datasets_terracepacels/siamese_terrace_23/IMG20260423175804.jpg,raw_datasets_terracepacels/siamese_terrace_46/IMG20260424102114.jpg,0
raw_datasets_terracepacels/siamese_terrace_37/IMG20260424100945.jpg,raw_datasets_terracepacels/siamese_terrace_37/IMG20260424101020.jpg,1
raw_datasets_terracepacels/siamese_terrace_17/IMG20260423175308.jpg,raw_datasets_terracepacels/siamese_terrace_17/IMG20260423175326.jpg,1
raw_datasets_terracepacels/siamese_terrace_51/IMG20260424102904.jpg,raw_datasets_terracepacels/siamese_terrace_51/IMG20260424102919.jpg,1
raw_datasets_terracepacels/siamese_terrace_50/IMG20260424102555.jpg,raw_datasets_terracepacels/siamese_terrace_30/IMG20260423180955.jpg,0
raw_datasets_terracepacels/siamese_terrace_33/IMG20260423181349.jpg,raw_datasets_terracepacels/siamese_terrace_8/IMG20260423173641.jpg,0
raw_datasets_terracepacels/siamese_terrace_80/IMG20260424111347.jpg,raw_datasets_terracepacels/siamese_terrace_83/IMG20260424112407.jpg,0
raw_datasets_terracepacels/siamese_terrace_46/IMG20260424102123.jpg,raw_datasets_terracepacels/siamese_terrace_46/IMG20260424102134.jpg,1
raw_datasets_terracepacels/siamese_terrace_40/IMG20260424101227.jpg,raw_datasets_terracepacels/siamese_terrace_40/IMG20260424101236.jpg,1
raw_datasets_terracepacels/siamese_terrace_33/IMG20260423181349.jpg,raw_datasets_terracepacels/siamese_terrace_75/IMG20260424110947.jpg,0
raw_datasets_terracepacels/siamese_terrace_17/IMG20260423175258.jpg,raw_datasets_terracepacels/siamese_terrace_17/IMG20260423175308.jpg,1
raw_datasets_terracepacels/siamese_terrace_18/IMG20260423175349.jpg,raw_datasets_terracepacels/siamese_terrace_18/IMG20260423175353.jpg,1
raw_datasets_terracepacels/siamese_terrace_44/IMG20260424101827.jpg,raw_datasets_terracepacels/siamese_terrace_56/IMG20260424103741.jpg,0
raw_datasets_terracepacels/siamese_terrace_49/IMG20260424102436.jpg,raw_datasets_terracepacels/siamese_terrace_66/IMG20260424105825.jpg,0
raw_datasets_terracepacels/siamese_terrace_7/IMG20260423173206.jpg,raw_datasets_terracepacels/siamese_terrace_7/IMG20260423173219.jpg,1
raw_datasets_terracepacels/siamese_terrace_69/IMG20260424110152.jpg,raw_datasets_terracepacels/siamese_terrace_92/IMG20260424113150.jpg,0
raw_datasets_terracepacels/siamese_terrace_35/IMG20260423181510.jpg,raw_datasets_terracepacels/siamese_terrace_35/IMG20260423181521.jpg,1
raw_datasets_terracepacels/siamese_terrace_72/IMG20260424110646.jpg,raw_datasets_terracepacels/siamese_terrace_91/IMG20260424113100.jpg,0
raw_datasets_terracepacels/siamese_terrace_44/IMG20260424101815.jpg,raw_datasets_terracepacels/siamese_terrace_44/IMG20260424101821.jpg,1
raw_datasets_terracepacels/siamese_terrace_12/IMG20260423174735.jpg,raw_datasets_terracepacels/siamese_terrace_95/IMG20260424113335.jpg,0
raw_datasets_terracepacels/siamese_terrace_66/IMG20260424105829.jpg,raw_datasets_terracepacels/siamese_terrace_20/IMG20260423175452.jpg,0
raw_datasets_terracepacels/siamese_terrace_7/IMG20260423173206.jpg,raw_datasets_terracepacels/siamese_terrace_3/IMG20260423172520.jpg,0
raw_datasets_terracepacels/siamese_terrace_56/IMG20260424103727.jpg,raw_datasets_terracepacels/siamese_terrace_56/IMG20260424103741.jpg,1
raw_datasets_terracepacels/siamese_terrace_83/IMG20260424112358.jpg,raw_datasets_terracepacels/siamese_terrace_90/IMG20260424113028.jpg,0
raw_datasets_terracepacels/siamese_terrace_90/IMG20260424113000.jpg,raw_datasets_terracepacels/siamese_terrace_83/IMG20260424112358.jpg,0
raw_datasets_terracepacels/siamese_terrace_53/IMG20260424103028.jpg,raw_datasets_terracepacels/siamese_terrace_53/IMG20260424103106.jpg,1
raw_datasets_terracepacels/siamese_terrace_87/IMG20260424112806.jpg,raw_datasets_terracepacels/siamese_terrace_83/IMG20260424112417.jpg,0
raw_datasets_terracepacels/siamese_terrace_74/IMG20260424110850.jpg,raw_datasets_terracepacels/siamese_terrace_74/IMG20260424110900.jpg,1
raw_datasets_terracepacels/siamese_terrace_95/IMG20260424113327.jpg,raw_datasets_terracepacels/siamese_terrace_73/IMG20260424110733.jpg,0
raw_datasets_terracepacels/siamese_terrace_69/IMG20260424110146.jpg,raw_datasets_terracepacels/siamese_terrace_69/IMG20260424110152.jpg,1
raw_datasets_terracepacels/siamese_terrace_65/IMG20260424105659.jpg,raw_datasets_terracepacels/siamese_terrace_54/IMG20260424103337.jpg,0
raw_datasets_terracepacels/siamese_terrace_72/IMG20260424110646.jpg,raw_datasets_terracepacels/siamese_terrace_46/IMG20260424102101.jpg,0
raw_datasets_terracepacels/siamese_terrace_72/IMG20260424110657.jpg,raw_datasets_terracepacels/siamese_terrace_85/IMG20260424112604.jpg,0
raw_datasets_terracepacels/siamese_terrace_93/IMG20260424113227.jpg,raw_datasets_terracepacels/siamese_terrace_11/IMG20260423174028.jpg,0
raw_datasets_terracepacels/siamese_terrace_21/IMG20260423175625.jpg,raw_datasets_terracepacels/siamese_terrace_94/IMG20260424113253.jpg,0
raw_datasets_terracepacels/siamese_terrace_28/IMG20260423180403.jpg,raw_datasets_terracepacels/siamese_terrace_28/IMG20260423180419.jpg,1
raw_datasets_terracepacels/siamese_terrace_56/IMG20260424103747.jpg,raw_datasets_terracepacels/siamese_terrace_42/IMG20260424101549.jpg,0
raw_datasets_terracepacels/siamese_terrace_70/IMG20260424110406.jpg,raw_datasets_terracepacels/siamese_terrace_70/IMG20260424110435.jpg,1
raw_datasets_terracepacels/siamese_terrace_58/IMG20260424104140.jpg,raw_datasets_terracepacels/siamese_terrace_58/IMG20260424104214.jpg,1
raw_datasets_terracepacels/siamese_terrace_87/IMG20260424112753.jpg,raw_datasets_terracepacels/siamese_terrace_87/IMG20260424112806.jpg,1
raw_datasets_terracepacels/siamese_terrace_82/IMG20260424111540.jpg,raw_datasets_terracepacels/siamese_terrace_90/IMG20260424113028.jpg,0
raw_datasets_terracepacels/siamese_terrace_93/IMG20260424113210.jpg,raw_datasets_terracepacels/siamese_terrace_48/IMG20260424102306.jpg,0
raw_datasets_terracepacels/siamese_terrace_42/IMG20260424101537.jpg,raw_datasets_terracepacels/siamese_terrace_6/IMG20260423173109.jpg,0
raw_datasets_terracepacels/siamese_terrace_23/IMG20260423175811.jpg,raw_datasets_terracepacels/siamese_terrace_67/IMG20260424105922.jpg,0
raw_datasets_terracepacels/siamese_terrace_83/IMG20260424112412.jpg,raw_datasets_terracepacels/siamese_terrace_83/IMG20260424112417.jpg,1
raw_datasets_terracepacels/siamese_terrace_59/IMG20260424104318.jpg,raw_datasets_terracepacels/siamese_terrace_17/IMG20260423175308.jpg,0
raw_datasets_terracepacels/siamese_terrace_65/IMG20260424105649.jpg,raw_datasets_terracepacels/siamese_terrace_11/IMG20260423174023.jpg,0
raw_datasets_terracepacels/siamese_terrace_24/IMG20260423175852.jpg,raw_datasets_terracepacels/siamese_terrace_78/IMG20260424111218.jpg,0
raw_datasets_terracepacels/siamese_terrace_42/IMG20260424101549.jpg,raw_datasets_terracepacels/siamese_terrace_42/IMG20260424101557.jpg,1
raw_datasets_terracepacels/siamese_terrace_50/IMG20260424102555.jpg,raw_datasets_terracepacels/siamese_terrace_32/IMG20260423181213.jpg,0
raw_datasets_terracepacels/siamese_terrace_30/IMG20260423180955.jpg,raw_datasets_terracepacels/siamese_terrace_30/IMG20260423181013.jpg,1
raw_datasets_terracepacels/siamese_terrace_29/IMG20260423180917.jpg,raw_datasets_terracepacels/siamese_terrace_7/IMG20260423173156.jpg,0
raw_datasets_terracepacels/siamese_terrace_22/IMG20260423175734.jpg,raw_datasets_terracepacels/siamese_terrace_22/IMG20260423175739.jpg,1
raw_datasets_terracepacels/siamese_terrace_70/IMG20260424110406.jpg,raw_datasets_terracepacels/siamese_terrace_70/IMG20260424110426.jpg,1
raw_datasets_terracepacels/siamese_terrace_42/IMG20260424101537.jpg,raw_datasets_terracepacels/siamese_terrace_42/IMG20260424101549.jpg,1
raw_datasets_terracepacels/siamese_terrace_91/IMG20260424113103.jpg,raw_datasets_terracepacels/siamese_terrace_80/IMG20260424111400.jpg,0
raw_datasets_terracepacels/siamese_terrace_72/IMG20260424110646.jpg,raw_datasets_terracepacels/siamese_terrace_72/IMG20260424110650.jpg,1
raw_datasets_terracepacels/siamese_terrace_36/IMG20260423181622.jpg,raw_datasets_terracepacels/siamese_terrace_18/IMG20260423175358.jpg,0
raw_datasets_terracepacels/siamese_terrace_86/IMG20260424112643.jpg,raw_datasets_terracepacels/siamese_terrace_82/IMG20260424111536.jpg,0
raw_datasets_terracepacels/siamese_terrace_12/IMG20260423174717.jpg,raw_datasets_terracepacels/siamese_terrace_20/IMG20260423175452.jpg,0
raw_datasets_terracepacels/siamese_terrace_17/IMG20260423175319.jpg,raw_datasets_terracepacels/siamese_terrace_38/IMG20260424101101.jpg,0
raw_datasets_terracepacels/siamese_terrace_81/IMG20260424111430.jpg,raw_datasets_terracepacels/siamese_terrace_81/IMG20260424111453.jpg,1
raw_datasets_terracepacels/siamese_terrace_43/IMG20260424101728.jpg,raw_datasets_terracepacels/siamese_terrace_43/IMG20260424101744.jpg,1
raw_datasets_terracepacels/siamese_terrace_9/IMG20260423173711.jpg,raw_datasets_terracepacels/siamese_terrace_9/IMG20260423173730.jpg,1
raw_datasets_terracepacels/siamese_terrace_53/IMG20260424103059.jpg,raw_datasets_terracepacels/siamese_terrace_11/IMG20260423174033.jpg,0
raw_datasets_terracepacels/siamese_terrace_8/IMG20260423173622.jpg,raw_datasets_terracepacels/siamese_terrace_50/IMG20260424102608.jpg,0
raw_datasets_terracepacels/siamese_terrace_41/IMG20260424101357.jpg,raw_datasets_terracepacels/siamese_terrace_53/IMG20260424103106.jpg,0
raw_datasets_terracepacels/siamese_terrace_58/IMG20260424104140.jpg,raw_datasets_terracepacels/siamese_terrace_58/IMG20260424104154.jpg,1
raw_datasets_terracepacels/siamese_terrace_70/IMG20260424110418.jpg,raw_datasets_terracepacels/siamese_terrace_70/IMG20260424110435.jpg,1
raw_datasets_terracepacels/siamese_terrace_73/IMG20260424110745.jpg,raw_datasets_terracepacels/siamese_terrace_82/IMG20260424111536.jpg,0
raw_datasets_terracepacels/siamese_terrace_88/IMG20260424112853.jpg,raw_datasets_terracepacels/siamese_terrace_26/IMG20260423180011.jpg,0
raw_datasets_terracepacels/siamese_terrace_25/IMG20260423175950.jpg,raw_datasets_terracepacels/siamese_terrace_43/IMG20260424101744.jpg,0
raw_datasets_terracepacels/siamese_terrace_87/IMG20260424112811.jpg,raw_datasets_terracepacels/siamese_terrace_75/IMG20260424110952.jpg,0
raw_datasets_terracepacels/siamese_terrace_93/IMG20260424113222.jpg,raw_datasets_terracepacels/siamese_terrace_93/IMG20260424113227.jpg,1
raw_datasets_terracepacels/siamese_terrace_13/IMG20260423174807.jpg,raw_datasets_terracepacels/siamese_terrace_13/IMG20260423174826.jpg,1
raw_datasets_terracepacels/siamese_terrace_54/IMG20260424103330.jpg,raw_datasets_terracepacels/siamese_terrace_54/IMG20260424103350.jpg,1
raw_datasets_terracepacels/siamese_terrace_86/IMG20260424112647.jpg,raw_datasets_terracepacels/siamese_terrace_4/IMG20260423172911.jpg,0
raw_datasets_terracepacels/siamese_terrace_35/IMG20260423181516.jpg,raw_datasets_terracepacels/siamese_terrace_35/IMG20260423181521.jpg,1
raw_datasets_terracepacels/siamese_terrace_58/IMG20260424104148.jpg,raw_datasets_terracepacels/siamese_terrace_57/IMG20260424103932.jpg,0
raw_datasets_terracepacels/siamese_terrace_17/IMG20260423175319.jpg,raw_datasets_terracepacels/siamese_terrace_6/IMG20260423173121.jpg,0
raw_datasets_terracepacels/siamese_terrace_36/IMG20260423181612.jpg,raw_datasets_terracepacels/siamese_terrace_69/IMG20260424110203.jpg,0
raw_datasets_terracepacels/siamese_terrace_65/IMG20260424105659.jpg,raw_datasets_terracepacels/siamese_terrace_65/IMG20260424105706.jpg,1
raw_datasets_terracepacels/siamese_terrace_77/IMG20260424111132.jpg,raw_datasets_terracepacels/siamese_terrace_77/IMG20260424111144.jpg,1
raw_datasets_terracepacels/siamese_terrace_65/IMG20260424105655.jpg,raw_datasets_terracepacels/siamese_terrace_65/IMG20260424105712.jpg,1
raw_datasets_terracepacels/siamese_terrace_79/IMG20260424111332.jpg,raw_datasets_terracepacels/siamese_terrace_79/IMG20260424111342.jpg,1
raw_datasets_terracepacels/siamese_terrace_15/IMG20260423175006.jpg,raw_datasets_terracepacels/siamese_terrace_15/IMG20260423175016.jpg,1
raw_datasets_terracepacels/siamese_terrace_86/IMG20260424112635.jpg,raw_datasets_terracepacels/siamese_terrace_83/IMG20260424112358.jpg,0
raw_datasets_terracepacels/siamese_terrace_88/IMG20260424112835.jpg,raw_datasets_terracepacels/siamese_terrace_76/IMG20260424111038.jpg,0
raw_datasets_terracepacels/siamese_terrace_72/IMG20260424110636.jpg,raw_datasets_terracepacels/siamese_terrace_72/IMG20260424110650.jpg,1
raw_datasets_terracepacels/siamese_terrace_66/IMG20260424105825.jpg,raw_datasets_terracepacels/siamese_terrace_66/IMG20260424105835.jpg,1
raw_datasets_terracepacels/siamese_terrace_87/IMG20260424112802.jpg,raw_datasets_terracepacels/siamese_terrace_87/IMG20260424112819.jpg,1
raw_datasets_terracepacels/siamese_terrace_70/IMG20260424110406.jpg,raw_datasets_terracepacels/siamese_terrace_42/IMG20260424101549.jpg,0
raw_datasets_terracepacels/siamese_terrace_3/IMG20260423172527.jpg,raw_datasets_terracepacels/siamese_terrace_3/IMG20260423172540.jpg,1
raw_datasets_terracepacels/siamese_terrace_23/IMG20260423175814.jpg,raw_datasets_terracepacels/siamese_terrace_23/IMG20260423175820.jpg,1
raw_datasets_terracepacels/siamese_terrace_91/IMG20260424113100.jpg,raw_datasets_terracepacels/siamese_terrace_45/IMG20260424102043.jpg,0
raw_datasets_terracepacels/siamese_terrace_81/IMG20260424111453.jpg,raw_datasets_terracepacels/siamese_terrace_6/IMG20260423173051.jpg,0
raw_datasets_terracepacels/siamese_terrace_87/IMG20260424112802.jpg,raw_datasets_terracepacels/siamese_terrace_79/IMG20260424111332.jpg,0
raw_datasets_terracepacels/siamese_terrace_65/IMG20260424105712.jpg,raw_datasets_terracepacels/siamese_terrace_31/IMG20260423181058.jpg,0
raw_datasets_terracepacels/siamese_terrace_49/IMG20260424102443.jpg,raw_datasets_terracepacels/siamese_terrace_49/IMG20260424102512.jpg,1
raw_datasets_terracepacels/siamese_terrace_88/IMG20260424112828.jpg,raw_datasets_terracepacels/siamese_terrace_41/IMG20260424101342.jpg,0
raw_datasets_terracepacels/siamese_terrace_25/IMG20260423175940.jpg,raw_datasets_terracepacels/siamese_terrace_85/IMG20260424112536.jpg,0
raw_datasets_terracepacels/siamese_terrace_82/IMG20260424111526.jpg,raw_datasets_terracepacels/siamese_terrace_82/IMG20260424111532.jpg,1
raw_datasets_terracepacels/siamese_terrace_88/IMG20260424112828.jpg,raw_datasets_terracepacels/siamese_terrace_88/IMG20260424112842.jpg,1
raw_datasets_terracepacels/siamese_terrace_77/IMG20260424111132.jpg,raw_datasets_terracepacels/siamese_terrace_89/IMG20260424112933.jpg,0
raw_datasets_terracepacels/siamese_terrace_65/IMG20260424105706.jpg,raw_datasets_terracepacels/siamese_terrace_47/IMG20260424102223.jpg,0
raw_datasets_terracepacels/siamese_terrace_73/IMG20260424110745.jpg,raw_datasets_terracepacels/siamese_terrace_73/IMG20260424110757.jpg,1
raw_datasets_terracepacels/siamese_terrace_56/IMG20260424103733.jpg,raw_datasets_terracepacels/siamese_terrace_56/IMG20260424103747.jpg,1
raw_datasets_terracepacels/siamese_terrace_50/IMG20260424102601.jpg,raw_datasets_terracepacels/siamese_terrace_50/IMG20260424102622.jpg,1
raw_datasets_terracepacels/siamese_terrace_3/IMG20260423172535.jpg,raw_datasets_terracepacels/siamese_terrace_3/IMG20260423172540.jpg,1
raw_datasets_terracepacels/siamese_terrace_95/IMG20260424113341.jpg,raw_datasets_terracepacels/siamese_terrace_21/IMG20260423175637.jpg,0
raw_datasets_terracepacels/siamese_terrace_31/IMG20260423181038.jpg,raw_datasets_terracepacels/siamese_terrace_31/IMG20260423181047.jpg,1
raw_datasets_terracepacels/siamese_terrace_66/IMG20260424105818.jpg,raw_datasets_terracepacels/siamese_terrace_38/IMG20260424101049.jpg,0
raw_datasets_terracepacels/siamese_terrace_3/IMG20260423172535.jpg,raw_datasets_terracepacels/siamese_terrace_3/IMG20260423172551.jpg,1
raw_datasets_terracepacels/siamese_terrace_75/IMG20260424111001.jpg,raw_datasets_terracepacels/siamese_terrace_58/IMG20260424104140.jpg,0
raw_datasets_terracepacels/siamese_terrace_67/IMG20260424105936.jpg,raw_datasets_terracepacels/siamese_terrace_83/IMG20260424112424.jpg,0
raw_datasets_terracepacels/siamese_terrace_51/IMG20260424102919.jpg,raw_datasets_terracepacels/siamese_terrace_81/IMG20260424111442.jpg,0
raw_datasets_terracepacels/siamese_terrace_40/IMG20260424101300.jpg,raw_datasets_terracepacels/siamese_terrace_90/IMG20260424113028.jpg,0
raw_datasets_terracepacels/siamese_terrace_12/IMG20260423174707.jpg,raw_datasets_terracepacels/siamese_terrace_59/IMG20260424104308.jpg,0
raw_datasets_terracepacels/siamese_terrace_23/IMG20260423175820.jpg,raw_datasets_terracepacels/siamese_terrace_74/IMG20260424110900.jpg,0
raw_datasets_terracepacels/siamese_terrace_50/IMG20260424102547.jpg,raw_datasets_terracepacels/siamese_terrace_50/IMG20260424102622.jpg,1
raw_datasets_terracepacels/siamese_terrace_48/IMG20260424102306.jpg,raw_datasets_terracepacels/siamese_terrace_48/IMG20260424102321.jpg,1
raw_datasets_terracepacels/siamese_terrace_46/IMG20260424102114.jpg,raw_datasets_terracepacels/siamese_terrace_84/IMG20260424112456.jpg,0
raw_datasets_terracepacels/siamese_terrace_38/IMG20260424101043.jpg,raw_datasets_terracepacels/siamese_terrace_66/IMG20260424105835.jpg,0
raw_datasets_terracepacels/siamese_terrace_90/IMG20260424113000.jpg,raw_datasets_terracepacels/siamese_terrace_90/IMG20260424113011.jpg,1
raw_datasets_terracepacels/siamese_terrace_7/IMG20260423173206.jpg,raw_datasets_terracepacels/siamese_terrace_7/IMG20260423173227.jpg,1
raw_datasets_terracepacels/siamese_terrace_67/IMG20260424105911.jpg,raw_datasets_terracepacels/siamese_terrace_67/IMG20260424105942.jpg,1
raw_datasets_terracepacels/siamese_terrace_55/IMG20260424103541.jpg,raw_datasets_terracepacels/siamese_terrace_73/IMG20260424110801.jpg,0
raw_datasets_terracepacels/siamese_terrace_57/IMG20260424103938.jpg,raw_datasets_terracepacels/siamese_terrace_57/IMG20260424104009.jpg,1
raw_datasets_terracepacels/siamese_terrace_38/IMG20260424101043.jpg,raw_datasets_terracepacels/siamese_terrace_38/IMG20260424101049.jpg,1
raw_datasets_terracepacels/siamese_terrace_81/IMG20260424111437.jpg,raw_datasets_terracepacels/siamese_terrace_81/IMG20260424111453.jpg,1
raw_datasets_terracepacels/siamese_terrace_82/IMG20260424111526.jpg,raw_datasets_terracepacels/siamese_terrace_82/IMG20260424111540.jpg,1
raw_datasets_terracepacels/siamese_terrace_77/IMG20260424111132.jpg,raw_datasets_terracepacels/siamese_terrace_73/IMG20260424110751.jpg,0
raw_datasets_terracepacels/siamese_terrace_94/IMG20260424113300.jpg,raw_datasets_terracepacels/siamese_terrace_84/IMG20260424112518.jpg,0
raw_datasets_terracepacels/siamese_terrace_20/IMG20260423175445.jpg,raw_datasets_terracepacels/siamese_terrace_43/IMG20260424101735.jpg,0
raw_datasets_terracepacels/siamese_terrace_10/IMG20260423173810.jpg,raw_datasets_terracepacels/siamese_terrace_67/IMG20260424105927.jpg,0
raw_datasets_terracepacels/siamese_terrace_87/IMG20260424112806.jpg,raw_datasets_terracepacels/siamese_terrace_44/IMG20260424101815.jpg,0
raw_datasets_terracepacels/siamese_terrace_54/IMG20260424103337.jpg,raw_datasets_terracepacels/siamese_terrace_54/IMG20260424103350.jpg,1
raw_datasets_terracepacels/siamese_terrace_8/IMG20260423173622.jpg,raw_datasets_terracepacels/siamese_terrace_8/IMG20260423173641.jpg,1
raw_datasets_terracepacels/siamese_terrace_29/IMG20260423180912.jpg,raw_datasets_terracepacels/siamese_terrace_29/IMG20260423180936.jpg,1
raw_datasets_terracepacels/siamese_terrace_92/IMG20260424113132.jpg,raw_datasets_terracepacels/siamese_terrace_92/IMG20260424113150.jpg,1
raw_datasets_terracepacels/siamese_terrace_70/IMG20260424110435.jpg,raw_datasets_terracepacels/siamese_terrace_72/IMG20260424110650.jpg,0
raw_datasets_terracepacels/siamese_terrace_28/IMG20260423180423.jpg,raw_datasets_terracepacels/siamese_terrace_58/IMG20260424104148.jpg,0
raw_datasets_terracepacels/siamese_terrace_86/IMG20260424112643.jpg,raw_datasets_terracepacels/siamese_terrace_86/IMG20260424112647.jpg,1
raw_datasets_terracepacels/siamese_terrace_65/IMG20260424105649.jpg,raw_datasets_terracepacels/siamese_terrace_65/IMG20260424105659.jpg,1
raw_datasets_terracepacels/siamese_terrace_45/IMG20260424102033.jpg,raw_datasets_terracepacels/siamese_terrace_45/IMG20260424102043.jpg,1
raw_datasets_terracepacels/siamese_terrace_54/IMG20260424103330.jpg,raw_datasets_terracepacels/siamese_terrace_83/IMG20260424112424.jpg,0
raw_datasets_terracepacels/siamese_terrace_15/IMG20260423175026.jpg,raw_datasets_terracepacels/siamese_terrace_36/IMG20260423181602.jpg,0
raw_datasets_terracepacels/siamese_terrace_32/IMG20260423181208.jpg,raw_datasets_terracepacels/siamese_terrace_29/IMG20260423180923.jpg,0
raw_datasets_terracepacels/siamese_terrace_8/IMG20260423173634.jpg,raw_datasets_terracepacels/siamese_terrace_8/IMG20260423173641.jpg,1
raw_datasets_terracepacels/siamese_terrace_87/IMG20260424112806.jpg,raw_datasets_terracepacels/siamese_terrace_55/IMG20260424103533.jpg,0
raw_datasets_terracepacels/siamese_terrace_13/IMG20260423174812.jpg,raw_datasets_terracepacels/siamese_terrace_13/IMG20260423174826.jpg,1
raw_datasets_terracepacels/siamese_terrace_46/IMG20260424102101.jpg,raw_datasets_terracepacels/siamese_terrace_46/IMG20260424102114.jpg,1
raw_datasets_terracepacels/siamese_terrace_10/IMG20260423173810.jpg,raw_datasets_terracepacels/siamese_terrace_47/IMG20260424102223.jpg,0
raw_datasets_terracepacels/siamese_terrace_44/IMG20260424101827.jpg,raw_datasets_terracepacels/siamese_terrace_38/IMG20260424101101.jpg,0
raw_datasets_terracepacels/siamese_terrace_7/IMG20260423173219.jpg,raw_datasets_terracepacels/siamese_terrace_7/IMG20260423173227.jpg,1
raw_datasets_terracepacels/siamese_terrace_65/IMG20260424105649.jpg,raw_datasets_terracepacels/siamese_terrace_73/IMG20260424110733.jpg,0
raw_datasets_terracepacels/siamese_terrace_31/IMG20260423181051.jpg,raw_datasets_terracepacels/siamese_terrace_31/IMG20260423181058.jpg,1
raw_datasets_terracepacels/siamese_terrace_93/IMG20260424113217.jpg,raw_datasets_terracepacels/siamese_terrace_93/IMG20260424113234.jpg,1
raw_datasets_terracepacels/siamese_terrace_22/IMG20260423175727.jpg,raw_datasets_terracepacels/siamese_terrace_83/IMG20260424112358.jpg,0
raw_datasets_terracepacels/siamese_terrace_74/IMG20260424110853.jpg,raw_datasets_terracepacels/siamese_terrace_74/IMG20260424110900.jpg,1
raw_datasets_terracepacels/siamese_terrace_15/IMG20260423175016.jpg,raw_datasets_terracepacels/siamese_terrace_15/IMG20260423175026.jpg,1
raw_datasets_terracepacels/siamese_terrace_37/IMG20260424100955.jpg,raw_datasets_terracepacels/siamese_terrace_37/IMG20260424101011.jpg,1
raw_datasets_terracepacels/siamese_terrace_39/IMG20260424101213.jpg,raw_datasets_terracepacels/siamese_terrace_75/IMG20260424110952.jpg,0
raw_datasets_terracepacels/siamese_terrace_23/IMG20260423175757.jpg,raw_datasets_terracepacels/siamese_terrace_37/IMG20260424101020.jpg,0
raw_datasets_terracepacels/siamese_terrace_46/IMG20260424102123.jpg,raw_datasets_terracepacels/siamese_terrace_77/IMG20260424111120.jpg,0
raw_datasets_terracepacels/siamese_terrace_64/IMG20260424105625.jpg,raw_datasets_terracepacels/siamese_terrace_46/IMG20260424102114.jpg,0
raw_datasets_terracepacels/siamese_terrace_39/IMG20260424101132.jpg,raw_datasets_terracepacels/siamese_terrace_7/IMG20260423173214.jpg,0
raw_datasets_terracepacels/siamese_terrace_94/IMG20260424113253.jpg,raw_datasets_terracepacels/siamese_terrace_94/IMG20260424113316.jpg,1
raw_datasets_terracepacels/siamese_terrace_48/IMG20260424102253.jpg,raw_datasets_terracepacels/siamese_terrace_48/IMG20260424102315.jpg,1
raw_datasets_terracepacels/siamese_terrace_87/IMG20260424112819.jpg,raw_datasets_terracepacels/siamese_terrace_7/IMG20260423173156.jpg,0
raw_datasets_terracepacels/siamese_terrace_43/IMG20260424101720.jpg,raw_datasets_terracepacels/siamese_terrace_43/IMG20260424101728.jpg,1
raw_datasets_terracepacels/siamese_terrace_21/IMG20260423175625.jpg,raw_datasets_terracepacels/siamese_terrace_21/IMG20260423175643.jpg,1
raw_datasets_terracepacels/siamese_terrace_82/IMG20260424111532.jpg,raw_datasets_terracepacels/siamese_terrace_79/IMG20260424111342.jpg,0
raw_datasets_terracepacels/siamese_terrace_64/IMG20260424105557.jpg,raw_datasets_terracepacels/siamese_terrace_64/IMG20260424105612.jpg,1
raw_datasets_terracepacels/siamese_terrace_76/IMG20260424111038.jpg,raw_datasets_terracepacels/siamese_terrace_76/IMG20260424111044.jpg,1
raw_datasets_terracepacels/siamese_terrace_45/IMG20260424102033.jpg,raw_datasets_terracepacels/siamese_terrace_35/IMG20260423181521.jpg,0
raw_datasets_terracepacels/siamese_terrace_72/IMG20260424110646.jpg,raw_datasets_terracepacels/siamese_terrace_72/IMG20260424110657.jpg,1
raw_datasets_terracepacels/siamese_terrace_31/IMG20260423181047.jpg,raw_datasets_terracepacels/siamese_terrace_31/IMG20260423181058.jpg,1
raw_datasets_terracepacels/siamese_terrace_51/IMG20260424102858.jpg,raw_datasets_terracepacels/siamese_terrace_51/IMG20260424102919.jpg,1
raw_datasets_terracepacels/siamese_terrace_23/IMG20260423175757.jpg,raw_datasets_terracepacels/siamese_terrace_23/IMG20260423175811.jpg,1
raw_datasets_terracepacels/siamese_terrace_73/IMG20260424110757.jpg,raw_datasets_terracepacels/siamese_terrace_15/IMG20260423175026.jpg,0
raw_datasets_terracepacels/siamese_terrace_66/IMG20260424105818.jpg,raw_datasets_terracepacels/siamese_terrace_66/IMG20260424105825.jpg,1
raw_datasets_terracepacels/siamese_terrace_74/IMG20260424110850.jpg,raw_datasets_terracepacels/siamese_terrace_74/IMG20260424110908.jpg,1
raw_datasets_terracepacels/siamese_terrace_73/IMG20260424110733.jpg,raw_datasets_terracepacels/siamese_terrace_73/IMG20260424110745.jpg,1
raw_datasets_terracepacels/siamese_terrace_80/IMG20260424111347.jpg,raw_datasets_terracepacels/siamese_terrace_80/IMG20260424111400.jpg,1
raw_datasets_terracepacels/siamese_terrace_52/IMG20260424103008.jpg,raw_datasets_terracepacels/siamese_terrace_76/IMG20260424111022.jpg,0
raw_datasets_terracepacels/siamese_terrace_86/IMG20260424112656.jpg,raw_datasets_terracepacels/siamese_terrace_59/IMG20260424104246.jpg,0
raw_datasets_terracepacels/siamese_terrace_88/IMG20260424112847.jpg,raw_datasets_terracepacels/siamese_terrace_78/IMG20260424111159.jpg,0
raw_datasets_terracepacels/siamese_terrace_39/IMG20260424101154.jpg,raw_datasets_terracepacels/siamese_terrace_47/IMG20260424102223.jpg,0
raw_datasets_terracepacels/siamese_terrace_32/IMG20260423181203.jpg,raw_datasets_terracepacels/siamese_terrace_79/IMG20260424111327.jpg,0
raw_datasets_terracepacels/siamese_terrace_20/IMG20260423175500.jpg,raw_datasets_terracepacels/siamese_terrace_11/IMG20260423174019.jpg,0
raw_datasets_terracepacels/siamese_terrace_72/IMG20260424110657.jpg,raw_datasets_terracepacels/siamese_terrace_78/IMG20260424111218.jpg,0
raw_datasets_terracepacels/siamese_terrace_9/IMG20260423173738.jpg,raw_datasets_terracepacels/siamese_terrace_81/IMG20260424111437.jpg,0
raw_datasets_terracepacels/siamese_terrace_9/IMG20260423173730.jpg,raw_datasets_terracepacels/siamese_terrace_9/IMG20260423173738.jpg,1
raw_datasets_terracepacels/siamese_terrace_93/IMG20260424113210.jpg,raw_datasets_terracepacels/siamese_terrace_93/IMG20260424113227.jpg,1
raw_datasets_terracepacels/siamese_terrace_33/IMG20260423181336.jpg,raw_datasets_terracepacels/siamese_terrace_33/IMG20260423181341.jpg,1
raw_datasets_terracepacels/siamese_terrace_93/IMG20260424113217.jpg,raw_datasets_terracepacels/siamese_terrace_93/IMG20260424113227.jpg,1
raw_datasets_terracepacels/siamese_terrace_65/IMG20260424105655.jpg,raw_datasets_terracepacels/siamese_terrace_65/IMG20260424105659.jpg,1
raw_datasets_terracepacels/siamese_terrace_40/IMG20260424101227.jpg,raw_datasets_terracepacels/siamese_terrace_40/IMG20260424101251.jpg,1
raw_datasets_terracepacels/siamese_terrace_9/IMG20260423173721.jpg,raw_datasets_terracepacels/siamese_terrace_9/IMG20260423173738.jpg,1
raw_datasets_terracepacels/siamese_terrace_65/IMG20260424105712.jpg,raw_datasets_terracepacels/siamese_terrace_89/IMG20260424112939.jpg,0
raw_datasets_terracepacels/siamese_terrace_70/IMG20260424110406.jpg,raw_datasets_terracepacels/siamese_terrace_10/IMG20260423173810.jpg,0
raw_datasets_terracepacels/siamese_terrace_36/IMG20260423181555.jpg,raw_datasets_terracepacels/siamese_terrace_29/IMG20260423180936.jpg,0
raw_datasets_terracepacels/siamese_terrace_53/IMG20260424103036.jpg,raw_datasets_terracepacels/siamese_terrace_92/IMG20260424113150.jpg,0
raw_datasets_terracepacels/siamese_terrace_59/IMG20260424104246.jpg,raw_datasets_terracepacels/siamese_terrace_59/IMG20260424104255.jpg,1
raw_datasets_terracepacels/siamese_terrace_95/IMG20260424113327.jpg,raw_datasets_terracepacels/siamese_terrace_95/IMG20260424113341.jpg,1
raw_datasets_terracepacels/siamese_terrace_39/IMG20260424101146.jpg,raw_datasets_terracepacels/siamese_terrace_74/IMG20260424110838.jpg,0
raw_datasets_terracepacels/siamese_terrace_52/IMG20260424103001.jpg,raw_datasets_terracepacels/siamese_terrace_84/IMG20260424112511.jpg,0
raw_datasets_terracepacels/siamese_terrace_67/IMG20260424105922.jpg,raw_datasets_terracepacels/siamese_terrace_67/IMG20260424105936.jpg,1
raw_datasets_terracepacels/siamese_terrace_12/IMG20260423174731.jpg,raw_datasets_terracepacels/siamese_terrace_78/IMG20260424111227.jpg,0
raw_datasets_terracepacels/siamese_terrace_50/IMG20260424102622.jpg,raw_datasets_terracepacels/siamese_terrace_35/IMG20260423181516.jpg,0
raw_datasets_terracepacels/siamese_terrace_55/IMG20260424103548.jpg,raw_datasets_terracepacels/siamese_terrace_91/IMG20260424113100.jpg,0
raw_datasets_terracepacels/siamese_terrace_73/IMG20260424110801.jpg,raw_datasets_terracepacels/siamese_terrace_26/IMG20260423180000.jpg,0
raw_datasets_terracepacels/siamese_terrace_88/IMG20260424112847.jpg,raw_datasets_terracepacels/siamese_terrace_65/IMG20260424105659.jpg,0
raw_datasets_terracepacels/siamese_terrace_4/IMG20260423172843.jpg,raw_datasets_terracepacels/siamese_terrace_67/IMG20260424105927.jpg,0
raw_datasets_terracepacels/siamese_terrace_56/IMG20260424103727.jpg,raw_datasets_terracepacels/siamese_terrace_59/IMG20260424104308.jpg,0
raw_datasets_terracepacels/siamese_terrace_13/IMG20260423174800.jpg,raw_datasets_terracepacels/siamese_terrace_65/IMG20260424105655.jpg,0
raw_datasets_terracepacels/siamese_terrace_35/IMG20260423181510.jpg,raw_datasets_terracepacels/siamese_terrace_35/IMG20260423181528.jpg,1
raw_datasets_terracepacels/siamese_terrace_95/IMG20260424113341.jpg,raw_datasets_terracepacels/siamese_terrace_95/IMG20260424113352.jpg,1
raw_datasets_terracepacels/siamese_terrace_26/IMG20260423180000.jpg,raw_datasets_terracepacels/siamese_terrace_26/IMG20260423180006.jpg,1
raw_datasets_terracepacels/siamese_terrace_89/IMG20260424112927.jpg,raw_datasets_terracepacels/siamese_terrace_18/IMG20260423175342.jpg,0
raw_datasets_terracepacels/siamese_terrace_58/IMG20260424104148.jpg,raw_datasets_terracepacels/siamese_terrace_23/IMG20260423175820.jpg,0
raw_datasets_terracepacels/siamese_terrace_11/IMG20260423174013.jpg,raw_datasets_terracepacels/siamese_terrace_55/IMG20260424103555.jpg,0
raw_datasets_terracepacels/siamese_terrace_4/IMG20260423172852.jpg,raw_datasets_terracepacels/siamese_terrace_4/IMG20260423172903.jpg,1
raw_datasets_terracepacels/siamese_terrace_95/IMG20260424113327.jpg,raw_datasets_terracepacels/siamese_terrace_25/IMG20260423175926.jpg,0
raw_datasets_terracepacels/siamese_terrace_18/IMG20260423175353.jpg,raw_datasets_terracepacels/siamese_terrace_5/IMG20260423173007.jpg,0
raw_datasets_terracepacels/siamese_terrace_65/IMG20260424105655.jpg,raw_datasets_terracepacels/siamese_terrace_65/IMG20260424105706.jpg,1
raw_datasets_terracepacels/siamese_terrace_77/IMG20260424111139.jpg,raw_datasets_terracepacels/siamese_terrace_77/IMG20260424111144.jpg,1
raw_datasets_terracepacels/siamese_terrace_53/IMG20260424103049.jpg,raw_datasets_terracepacels/siamese_terrace_92/IMG20260424113132.jpg,0
raw_datasets_terracepacels/siamese_terrace_92/IMG20260424113132.jpg,raw_datasets_terracepacels/siamese_terrace_92/IMG20260424113153.jpg,1
raw_datasets_terracepacels/siamese_terrace_89/IMG20260424112933.jpg,raw_datasets_terracepacels/siamese_terrace_57/IMG20260424103908.jpg,0
raw_datasets_terracepacels/siamese_terrace_90/IMG20260424113007.jpg,raw_datasets_terracepacels/siamese_terrace_90/IMG20260424113011.jpg,1
raw_datasets_terracepacels/siamese_terrace_20/IMG20260423175454.jpg,raw_datasets_terracepacels/siamese_terrace_20/IMG20260423175504.jpg,1
raw_datasets_terracepacels/siamese_terrace_15/IMG20260423175026.jpg,raw_datasets_terracepacels/siamese_terrace_15/IMG20260423175031.jpg,1
raw_datasets_terracepacels/siamese_terrace_32/IMG20260423181145.jpg,raw_datasets_terracepacels/siamese_terrace_42/IMG20260424101557.jpg,0
raw_datasets_terracepacels/siamese_terrace_57/IMG20260424103932.jpg,raw_datasets_terracepacels/siamese_terrace_57/IMG20260424104009.jpg,1
raw_datasets_terracepacels/siamese_terrace_83/IMG20260424112424.jpg,raw_datasets_terracepacels/siamese_terrace_93/IMG20260424113222.jpg,0
raw_datasets_terracepacels/siamese_terrace_52/IMG20260424103008.jpg,raw_datasets_terracepacels/siamese_terrace_13/IMG20260423174807.jpg,0
raw_datasets_terracepacels/siamese_terrace_46/IMG20260424102101.jpg,raw_datasets_terracepacels/siamese_terrace_46/IMG20260424102134.jpg,1
raw_datasets_terracepacels/siamese_terrace_94/IMG20260424113253.jpg,raw_datasets_terracepacels/siamese_terrace_80/IMG20260424111347.jpg,0
raw_datasets_terracepacels/siamese_terrace_19/IMG20260423175414.jpg,raw_datasets_terracepacels/siamese_terrace_19/IMG20260423175419.jpg,1
raw_datasets_terracepacels/siamese_terrace_87/IMG20260424112811.jpg,raw_datasets_terracepacels/siamese_terrace_46/IMG20260424102101.jpg,0
raw_datasets_terracepacels/siamese_terrace_93/IMG20260424113222.jpg,raw_datasets_terracepacels/siamese_terrace_56/IMG20260424103741.jpg,0
raw_datasets_terracepacels/siamese_terrace_29/IMG20260423180923.jpg,raw_datasets_terracepacels/siamese_terrace_29/IMG20260423180936.jpg,1
raw_datasets_terracepacels/siamese_terrace_44/IMG20260424101821.jpg,raw_datasets_terracepacels/siamese_terrace_44/IMG20260424101827.jpg,1
raw_datasets_terracepacels/siamese_terrace_48/IMG20260424102253.jpg,raw_datasets_terracepacels/siamese_terrace_48/IMG20260424102321.jpg,1
raw_datasets_terracepacels/siamese_terrace_39/IMG20260424101132.jpg,raw_datasets_terracepacels/siamese_terrace_39/IMG20260424101203.jpg,1
raw_datasets_terracepacels/siamese_terrace_40/IMG20260424101236.jpg,raw_datasets_terracepacels/siamese_terrace_40/IMG20260424101245.jpg,1
raw_datasets_terracepacels/siamese_terrace_92/IMG20260424113153.jpg,raw_datasets_terracepacels/siamese_terrace_38/IMG20260424101057.jpg,0
raw_datasets_terracepacels/siamese_terrace_28/IMG20260423180412.jpg,raw_datasets_terracepacels/siamese_terrace_28/IMG20260423180439.jpg,1
raw_datasets_terracepacels/siamese_terrace_35/IMG20260423181459.jpg,raw_datasets_terracepacels/siamese_terrace_35/IMG20260423181516.jpg,1
raw_datasets_terracepacels/siamese_terrace_5/IMG20260423173007.jpg,raw_datasets_terracepacels/siamese_terrace_26/IMG20260423180027.jpg,0
raw_datasets_terracepacels/siamese_terrace_5/IMG20260423172951.jpg,raw_datasets_terracepacels/siamese_terrace_13/IMG20260423174826.jpg,0
raw_datasets_terracepacels/siamese_terrace_58/IMG20260424104154.jpg,raw_datasets_terracepacels/siamese_terrace_14/IMG20260423174918.jpg,0
raw_datasets_terracepacels/siamese_terrace_12/IMG20260423174731.jpg,raw_datasets_terracepacels/siamese_terrace_74/IMG20260424110853.jpg,0
raw_datasets_terracepacels/siamese_terrace_9/IMG20260423173711.jpg,raw_datasets_terracepacels/siamese_terrace_9/IMG20260423173727.jpg,1
raw_datasets_terracepacels/siamese_terrace_35/IMG20260423181510.jpg,raw_datasets_terracepacels/siamese_terrace_37/IMG20260424101011.jpg,0
raw_datasets_terracepacels/siamese_terrace_19/IMG20260423175414.jpg,raw_datasets_terracepacels/siamese_terrace_19/IMG20260423175423.jpg,1
raw_datasets_terracepacels/siamese_terrace_24/IMG20260423175852.jpg,raw_datasets_terracepacels/siamese_terrace_12/IMG20260423174707.jpg,0
raw_datasets_terracepacels/siamese_terrace_54/IMG20260424103337.jpg,raw_datasets_terracepacels/siamese_terrace_22/IMG20260423175711.jpg,0
raw_datasets_terracepacels/siamese_terrace_53/IMG20260424103028.jpg,raw_datasets_terracepacels/siamese_terrace_53/IMG20260424103059.jpg,1
raw_datasets_terracepacels/siamese_terrace_13/IMG20260423174800.jpg,raw_datasets_terracepacels/siamese_terrace_64/IMG20260424105612.jpg,0
raw_datasets_terracepacels/siamese_terrace_65/IMG20260424105659.jpg,raw_datasets_terracepacels/siamese_terrace_11/IMG20260423174019.jpg,0
raw_datasets_terracepacels/siamese_terrace_79/IMG20260424111332.jpg,raw_datasets_terracepacels/siamese_terrace_53/IMG20260424103059.jpg,0
raw_datasets_terracepacels/siamese_terrace_91/IMG20260424113108.jpg,raw_datasets_terracepacels/siamese_terrace_23/IMG20260423175820.jpg,0
raw_datasets_terracepacels/siamese_terrace_77/IMG20260424111151.jpg,raw_datasets_terracepacels/siamese_terrace_51/IMG20260424102909.jpg,0
raw_datasets_terracepacels/siamese_terrace_90/IMG20260424113000.jpg,raw_datasets_terracepacels/siamese_terrace_90/IMG20260424113017.jpg,1
raw_datasets_terracepacels/siamese_terrace_89/IMG20260424112920.jpg,raw_datasets_terracepacels/siamese_terrace_88/IMG20260424112842.jpg,0
raw_datasets_terracepacels/siamese_terrace_93/IMG20260424113227.jpg,raw_datasets_terracepacels/siamese_terrace_10/IMG20260423173821.jpg,0
raw_datasets_terracepacels/siamese_terrace_51/IMG20260424102858.jpg,raw_datasets_terracepacels/siamese_terrace_51/IMG20260424102909.jpg,1
raw_datasets_terracepacels/siamese_terrace_56/IMG20260424103736.jpg,raw_datasets_terracepacels/siamese_terrace_4/IMG20260423172852.jpg,0
raw_datasets_terracepacels/siamese_terrace_41/IMG20260424101349.jpg,raw_datasets_terracepacels/siamese_terrace_11/IMG20260423174033.jpg,0
raw_datasets_terracepacels/siamese_terrace_37/IMG20260424101011.jpg,raw_datasets_terracepacels/siamese_terrace_3/IMG20260423172535.jpg,0
raw_datasets_terracepacels/siamese_terrace_33/IMG20260423181349.jpg,raw_datasets_terracepacels/siamese_terrace_31/IMG20260423181058.jpg,0
raw_datasets_terracepacels/siamese_terrace_20/IMG20260423175452.jpg,raw_datasets_terracepacels/siamese_terrace_20/IMG20260423175500.jpg,1
raw_datasets_terracepacels/siamese_terrace_46/IMG20260424102101.jpg,raw_datasets_terracepacels/siamese_terrace_15/IMG20260423175026.jpg,0
raw_datasets_terracepacels/siamese_terrace_35/IMG20260423181521.jpg,raw_datasets_terracepacels/siamese_terrace_35/IMG20260423181528.jpg,1
raw_datasets_terracepacels/siamese_terrace_92/IMG20260424113153.jpg,raw_datasets_terracepacels/siamese_terrace_45/IMG20260424102043.jpg,0
raw_datasets_terracepacels/siamese_terrace_10/IMG20260423173827.jpg,raw_datasets_terracepacels/siamese_terrace_70/IMG20260424110426.jpg,0
raw_datasets_terracepacels/siamese_terrace_64/IMG20260424105557.jpg,raw_datasets_terracepacels/siamese_terrace_64/IMG20260424105605.jpg,1
raw_datasets_terracepacels/siamese_terrace_51/IMG20260424102842.jpg,raw_datasets_terracepacels/siamese_terrace_51/IMG20260424102919.jpg,1
raw_datasets_terracepacels/siamese_terrace_84/IMG20260424112456.jpg,raw_datasets_terracepacels/siamese_terrace_35/IMG20260423181516.jpg,0
raw_datasets_terracepacels/siamese_terrace_81/IMG20260424111442.jpg,raw_datasets_terracepacels/siamese_terrace_1/IMG20260423172338.jpg,0
raw_datasets_terracepacels/siamese_terrace_75/IMG20260424110938.jpg,raw_datasets_terracepacels/siamese_terrace_78/IMG20260424111159.jpg,0
raw_datasets_terracepacels/siamese_terrace_58/IMG20260424104203.jpg,raw_datasets_terracepacels/siamese_terrace_58/IMG20260424104214.jpg,1
raw_datasets_terracepacels/siamese_terrace_11/IMG20260423174013.jpg,raw_datasets_terracepacels/siamese_terrace_11/IMG20260423174023.jpg,1
raw_datasets_terracepacels/siamese_terrace_19/IMG20260423175414.jpg,raw_datasets_terracepacels/siamese_terrace_49/IMG20260424102443.jpg,0
raw_datasets_terracepacels/siamese_terrace_43/IMG20260424101706.jpg,raw_datasets_terracepacels/siamese_terrace_43/IMG20260424101735.jpg,1
raw_datasets_terracepacels/siamese_terrace_86/IMG20260424112643.jpg,raw_datasets_terracepacels/siamese_terrace_86/IMG20260424112702.jpg,1
raw_datasets_terracepacels/siamese_terrace_89/IMG20260424112920.jpg,raw_datasets_terracepacels/siamese_terrace_89/IMG20260424112933.jpg,1
raw_datasets_terracepacels/siamese_terrace_86/IMG20260424112656.jpg,raw_datasets_terracepacels/siamese_terrace_86/IMG20260424112702.jpg,1
raw_datasets_terracepacels/siamese_terrace_42/IMG20260424101557.jpg,raw_datasets_terracepacels/siamese_terrace_42/IMG20260424101611.jpg,1
raw_datasets_terracepacels/siamese_terrace_90/IMG20260424113000.jpg,raw_datasets_terracepacels/siamese_terrace_90/IMG20260424113028.jpg,1
raw_datasets_terracepacels/siamese_terrace_42/IMG20260424101606.jpg,raw_datasets_terracepacels/siamese_terrace_4/IMG20260423172859.jpg,0
raw_datasets_terracepacels/siamese_terrace_6/IMG20260423173109.jpg,raw_datasets_terracepacels/siamese_terrace_66/IMG20260424105825.jpg,0
raw_datasets_terracepacels/siamese_terrace_66/IMG20260424105808.jpg,raw_datasets_terracepacels/siamese_terrace_11/IMG20260423174028.jpg,0
raw_datasets_terracepacels/siamese_terrace_11/IMG20260423174019.jpg,raw_datasets_terracepacels/siamese_terrace_86/IMG20260424112635.jpg,0
raw_datasets_terracepacels/siamese_terrace_59/IMG20260424104255.jpg,raw_datasets_terracepacels/siamese_terrace_32/IMG20260423181213.jpg,0
raw_datasets_terracepacels/siamese_terrace_92/IMG20260424113141.jpg,raw_datasets_terracepacels/siamese_terrace_92/IMG20260424113145.jpg,1
raw_datasets_terracepacels/siamese_terrace_73/IMG20260424110801.jpg,raw_datasets_terracepacels/siamese_terrace_46/IMG20260424102101.jpg,0
raw_datasets_terracepacels/siamese_terrace_26/IMG20260423180006.jpg,raw_datasets_terracepacels/siamese_terrace_26/IMG20260423180027.jpg,1
raw_datasets_terracepacels/siamese_terrace_81/IMG20260424111437.jpg,raw_datasets_terracepacels/siamese_terrace_66/IMG20260424105829.jpg,0
raw_datasets_terracepacels/siamese_terrace_19/IMG20260423175423.jpg,raw_datasets_terracepacels/siamese_terrace_19/IMG20260423175427.jpg,1
raw_datasets_terracepacels/siamese_terrace_35/IMG20260423181521.jpg,raw_datasets_terracepacels/siamese_terrace_74/IMG20260424110838.jpg,0
raw_datasets_terracepacels/siamese_terrace_39/IMG20260424101203.jpg,raw_datasets_terracepacels/siamese_terrace_39/IMG20260424101213.jpg,1
raw_datasets_terracepacels/siamese_terrace_47/IMG20260424102154.jpg,raw_datasets_terracepacels/siamese_terrace_47/IMG20260424102223.jpg,1
raw_datasets_terracepacels/siamese_terrace_7/IMG20260423173156.jpg,raw_datasets_terracepacels/siamese_terrace_7/IMG20260423173219.jpg,1
raw_datasets_terracepacels/siamese_terrace_22/IMG20260423175727.jpg,raw_datasets_terracepacels/siamese_terrace_22/IMG20260423175739.jpg,1
raw_datasets_terracepacels/siamese_terrace_64/IMG20260424105625.jpg,raw_datasets_terracepacels/siamese_terrace_26/IMG20260423180020.jpg,0
raw_datasets_terracepacels/siamese_terrace_73/IMG20260424110757.jpg,raw_datasets_terracepacels/siamese_terrace_5/IMG20260423172959.jpg,0
raw_datasets_terracepacels/siamese_terrace_12/IMG20260423174717.jpg,raw_datasets_terracepacels/siamese_terrace_75/IMG20260424110930.jpg,0
raw_datasets_terracepacels/siamese_terrace_7/IMG20260423173219.jpg,raw_datasets_terracepacels/siamese_terrace_92/IMG20260424113145.jpg,0
raw_datasets_terracepacels/siamese_terrace_45/IMG20260424102043.jpg,raw_datasets_terracepacels/siamese_terrace_35/IMG20260423181459.jpg,0
raw_datasets_terracepacels/siamese_terrace_1/IMG20260423172343.jpg,raw_datasets_terracepacels/siamese_terrace_44/IMG20260424101827.jpg,0
raw_datasets_terracepacels/siamese_terrace_77/IMG20260424111120.jpg,raw_datasets_terracepacels/siamese_terrace_66/IMG20260424105818.jpg,0
raw_datasets_terracepacels/siamese_terrace_1/IMG20260423172338.jpg,raw_datasets_terracepacels/siamese_terrace_1/IMG20260423172343.jpg,1
raw_datasets_terracepacels/siamese_terrace_84/IMG20260424112502.jpg,raw_datasets_terracepacels/siamese_terrace_84/IMG20260424112518.jpg,1
raw_datasets_terracepacels/siamese_terrace_13/IMG20260423174800.jpg,raw_datasets_terracepacels/siamese_terrace_13/IMG20260423174812.jpg,1
raw_datasets_terracepacels/siamese_terrace_36/IMG20260423181602.jpg,raw_datasets_terracepacels/siamese_terrace_36/IMG20260423181612.jpg,1
raw_datasets_terracepacels/siamese_terrace_93/IMG20260424113210.jpg,raw_datasets_terracepacels/siamese_terrace_48/IMG20260424102315.jpg,0
raw_datasets_terracepacels/siamese_terrace_42/IMG20260424101537.jpg,raw_datasets_terracepacels/siamese_terrace_48/IMG20260424102315.jpg,0
raw_datasets_terracepacels/siamese_terrace_45/IMG20260424102033.jpg,raw_datasets_terracepacels/siamese_terrace_37/IMG20260424100955.jpg,0
raw_datasets_terracepacels/siamese_terrace_36/IMG20260423181622.jpg,raw_datasets_terracepacels/siamese_terrace_81/IMG20260424111501.jpg,0
raw_datasets_terracepacels/siamese_terrace_12/IMG20260423174707.jpg,raw_datasets_terracepacels/siamese_terrace_12/IMG20260423174726.jpg,1
raw_datasets_terracepacels/siamese_terrace_22/IMG20260423175721.jpg,raw_datasets_terracepacels/siamese_terrace_22/IMG20260423175739.jpg,1
raw_datasets_terracepacels/siamese_terrace_53/IMG20260424103036.jpg,raw_datasets_terracepacels/siamese_terrace_53/IMG20260424103106.jpg,1
raw_datasets_terracepacels/siamese_terrace_70/IMG20260424110435.jpg,raw_datasets_terracepacels/siamese_terrace_70/IMG20260424110443.jpg,1
raw_datasets_terracepacels/siamese_terrace_66/IMG20260424105818.jpg,raw_datasets_terracepacels/siamese_terrace_66/IMG20260424105835.jpg,1
raw_datasets_terracepacels/siamese_terrace_85/IMG20260424112536.jpg,raw_datasets_terracepacels/siamese_terrace_44/IMG20260424101844.jpg,0
raw_datasets_terracepacels/siamese_terrace_74/IMG20260424110850.jpg,raw_datasets_terracepacels/siamese_terrace_85/IMG20260424112542.jpg,0
raw_datasets_terracepacels/siamese_terrace_7/IMG20260423173214.jpg,raw_datasets_terracepacels/siamese_terrace_6/IMG20260423173113.jpg,0
raw_datasets_terracepacels/siamese_terrace_94/IMG20260424113307.jpg,raw_datasets_terracepacels/siamese_terrace_94/IMG20260424113316.jpg,1
raw_datasets_terracepacels/siamese_terrace_43/IMG20260424101735.jpg,raw_datasets_terracepacels/siamese_terrace_43/IMG20260424101744.jpg,1
raw_datasets_terracepacels/siamese_terrace_52/IMG20260424103008.jpg,raw_datasets_terracepacels/siamese_terrace_18/IMG20260423175342.jpg,0
raw_datasets_terracepacels/siamese_terrace_72/IMG20260424110646.jpg,raw_datasets_terracepacels/siamese_terrace_28/IMG20260423180419.jpg,0
raw_datasets_terracepacels/siamese_terrace_8/IMG20260423173641.jpg,raw_datasets_terracepacels/siamese_terrace_41/IMG20260424101357.jpg,0
raw_datasets_terracepacels/siamese_terrace_12/IMG20260423174731.jpg,raw_datasets_terracepacels/siamese_terrace_12/IMG20260423174735.jpg,1
raw_datasets_terracepacels/siamese_terrace_37/IMG20260424100945.jpg,raw_datasets_terracepacels/siamese_terrace_37/IMG20260424101003.jpg,1
raw_datasets_terracepacels/siamese_terrace_40/IMG20260424101236.jpg,raw_datasets_terracepacels/siamese_terrace_69/IMG20260424110126.jpg,0
raw_datasets_terracepacels/siamese_terrace_26/IMG20260423180011.jpg,raw_datasets_terracepacels/siamese_terrace_31/IMG20260423181058.jpg,0
raw_datasets_terracepacels/siamese_terrace_38/IMG20260424101049.jpg,raw_datasets_terracepacels/siamese_terrace_38/IMG20260424101057.jpg,1
raw_datasets_terracepacels/siamese_terrace_57/IMG20260424103908.jpg,raw_datasets_terracepacels/siamese_terrace_28/IMG20260423180403.jpg,0
raw_datasets_terracepacels/siamese_terrace_20/IMG20260423175500.jpg,raw_datasets_terracepacels/siamese_terrace_28/IMG20260423180439.jpg,0
raw_datasets_terracepacels/siamese_terrace_26/IMG20260423180011.jpg,raw_datasets_terracepacels/siamese_terrace_8/IMG20260423173641.jpg,0
raw_datasets_terracepacels/siamese_terrace_28/IMG20260423180439.jpg,raw_datasets_terracepacels/siamese_terrace_25/IMG20260423175944.jpg,0
raw_datasets_terracepacels/siamese_terrace_29/IMG20260423180936.jpg,raw_datasets_terracepacels/siamese_terrace_25/IMG20260423175935.jpg,0
raw_datasets_terracepacels/siamese_terrace_80/IMG20260424111347.jpg,raw_datasets_terracepacels/siamese_terrace_80/IMG20260424111406.jpg,1
raw_datasets_terracepacels/siamese_terrace_67/IMG20260424105927.jpg,raw_datasets_terracepacels/siamese_terrace_76/IMG20260424111022.jpg,0
raw_datasets_terracepacels/siamese_terrace_65/IMG20260424105712.jpg,raw_datasets_terracepacels/siamese_terrace_6/IMG20260423173109.jpg,0
raw_datasets_terracepacels/siamese_terrace_14/IMG20260423174918.jpg,raw_datasets_terracepacels/siamese_terrace_65/IMG20260424105659.jpg,0
raw_datasets_terracepacels/siamese_terrace_37/IMG20260424101011.jpg,raw_datasets_terracepacels/siamese_terrace_37/IMG20260424101020.jpg,1
raw_datasets_terracepacels/siamese_terrace_94/IMG20260424113307.jpg,raw_datasets_terracepacels/siamese_terrace_70/IMG20260424110443.jpg,0
raw_datasets_terracepacels/siamese_terrace_39/IMG20260424101154.jpg,raw_datasets_terracepacels/siamese_terrace_39/IMG20260424101213.jpg,1
raw_datasets_terracepacels/siamese_terrace_81/IMG20260424111430.jpg,raw_datasets_terracepacels/siamese_terrace_81/IMG20260424111437.jpg,1
raw_datasets_terracepacels/siamese_terrace_18/IMG20260423175342.jpg,raw_datasets_terracepacels/siamese_terrace_18/IMG20260423175353.jpg,1
raw_datasets_terracepacels/siamese_terrace_24/IMG20260423175834.jpg,raw_datasets_terracepacels/siamese_terrace_24/IMG20260423175838.jpg,1
raw_datasets_terracepacels/siamese_terrace_28/IMG20260423180419.jpg,raw_datasets_terracepacels/siamese_terrace_55/IMG20260424103533.jpg,0
raw_datasets_terracepacels/siamese_terrace_76/IMG20260424111022.jpg,raw_datasets_terracepacels/siamese_terrace_76/IMG20260424111044.jpg,1
raw_datasets_terracepacels/siamese_terrace_6/IMG20260423173051.jpg,raw_datasets_terracepacels/siamese_terrace_6/IMG20260423173109.jpg,1
raw_datasets_terracepacels/siamese_terrace_6/IMG20260423173113.jpg,raw_datasets_terracepacels/siamese_terrace_55/IMG20260424103541.jpg,0
raw_datasets_terracepacels/siamese_terrace_8/IMG20260423173634.jpg,raw_datasets_terracepacels/siamese_terrace_8/IMG20260423173648.jpg,1
raw_datasets_terracepacels/siamese_terrace_18/IMG20260423175342.jpg,raw_datasets_terracepacels/siamese_terrace_18/IMG20260423175349.jpg,1
raw_datasets_terracepacels/siamese_terrace_3/IMG20260423172520.jpg,raw_datasets_terracepacels/siamese_terrace_17/IMG20260423175308.jpg,0
raw_datasets_terracepacels/siamese_terrace_38/IMG20260424101037.jpg,raw_datasets_terracepacels/siamese_terrace_38/IMG20260424101101.jpg,1
raw_datasets_terracepacels/siamese_terrace_51/IMG20260424102842.jpg,raw_datasets_terracepacels/siamese_terrace_51/IMG20260424102904.jpg,1
raw_datasets_terracepacels/siamese_terrace_29/IMG20260423180936.jpg,raw_datasets_terracepacels/siamese_terrace_92/IMG20260424113145.jpg,0
raw_datasets_terracepacels/siamese_terrace_26/IMG20260423180011.jpg,raw_datasets_terracepacels/siamese_terrace_39/IMG20260424101154.jpg,0
raw_datasets_terracepacels/siamese_terrace_92/IMG20260424113141.jpg,raw_datasets_terracepacels/siamese_terrace_79/IMG20260424111342.jpg,0
raw_datasets_terracepacels/siamese_terrace_23/IMG20260423175811.jpg,raw_datasets_terracepacels/siamese_terrace_23/IMG20260423175814.jpg,1
raw_datasets_terracepacels/siamese_terrace_87/IMG20260424112806.jpg,raw_datasets_terracepacels/siamese_terrace_87/IMG20260424112819.jpg,1
raw_datasets_terracepacels/siamese_terrace_37/IMG20260424100955.jpg,raw_datasets_terracepacels/siamese_terrace_95/IMG20260424113327.jpg,0
raw_datasets_terracepacels/siamese_terrace_82/IMG20260424111536.jpg,raw_datasets_terracepacels/siamese_terrace_82/IMG20260424111540.jpg,1
raw_datasets_terracepacels/siamese_terrace_88/IMG20260424112835.jpg,raw_datasets_terracepacels/siamese_terrace_88/IMG20260424112847.jpg,1
raw_datasets_terracepacels/siamese_terrace_79/IMG20260424111338.jpg,raw_datasets_terracepacels/siamese_terrace_72/IMG20260424110657.jpg,0
raw_datasets_terracepacels/siamese_terrace_95/IMG20260424113341.jpg,raw_datasets_terracepacels/siamese_terrace_95/IMG20260424113345.jpg,1
raw_datasets_terracepacels/siamese_terrace_39/IMG20260424101132.jpg,raw_datasets_terracepacels/siamese_terrace_39/IMG20260424101146.jpg,1
raw_datasets_terracepacels/siamese_terrace_25/IMG20260423175950.jpg,raw_datasets_terracepacels/siamese_terrace_6/IMG20260423173113.jpg,0
raw_datasets_terracepacels/siamese_terrace_28/IMG20260423180412.jpg,raw_datasets_terracepacels/siamese_terrace_42/IMG20260424101537.jpg,0
raw_datasets_terracepacels/siamese_terrace_90/IMG20260424113000.jpg,raw_datasets_terracepacels/siamese_terrace_90/IMG20260424113007.jpg,1
raw_datasets_terracepacels/siamese_terrace_11/IMG20260423174023.jpg,raw_datasets_terracepacels/siamese_terrace_11/IMG20260423174033.jpg,1
raw_datasets_terracepacels/siamese_terrace_22/IMG20260423175734.jpg,raw_datasets_terracepacels/siamese_terrace_1/IMG20260423172315.jpg,0
raw_datasets_terracepacels/siamese_terrace_25/IMG20260423175926.jpg,raw_datasets_terracepacels/siamese_terrace_25/IMG20260423175940.jpg,1
raw_datasets_terracepacels/siamese_terrace_57/IMG20260424103926.jpg,raw_datasets_terracepacels/siamese_terrace_57/IMG20260424103938.jpg,1
raw_datasets_terracepacels/siamese_terrace_82/IMG20260424111532.jpg,raw_datasets_terracepacels/siamese_terrace_82/IMG20260424111536.jpg,1
raw_datasets_terracepacels/siamese_terrace_15/IMG20260423175026.jpg,raw_datasets_terracepacels/siamese_terrace_15/IMG20260423175038.jpg,1
raw_datasets_terracepacels/siamese_terrace_58/IMG20260424104148.jpg,raw_datasets_terracepacels/siamese_terrace_87/IMG20260424112819.jpg,0
raw_datasets_terracepacels/siamese_terrace_47/IMG20260424102216.jpg,raw_datasets_terracepacels/siamese_terrace_47/IMG20260424102223.jpg,1
raw_datasets_terracepacels/siamese_terrace_59/IMG20260424104246.jpg,raw_datasets_terracepacels/siamese_terrace_59/IMG20260424104318.jpg,1
raw_datasets_terracepacels/siamese_terrace_4/IMG20260423172843.jpg,raw_datasets_terracepacels/siamese_terrace_4/IMG20260423172911.jpg,1
raw_datasets_terracepacels/siamese_terrace_80/IMG20260424111414.jpg,raw_datasets_terracepacels/siamese_terrace_43/IMG20260424101744.jpg,0
raw_datasets_terracepacels/siamese_terrace_79/IMG20260424111332.jpg,raw_datasets_terracepacels/siamese_terrace_79/IMG20260424111338.jpg,1
raw_datasets_terracepacels/siamese_terrace_65/IMG20260424105712.jpg,raw_datasets_terracepacels/siamese_terrace_11/IMG20260423174019.jpg,0
raw_datasets_terracepacels/siamese_terrace_89/IMG20260424112927.jpg,raw_datasets_terracepacels/siamese_terrace_45/IMG20260424102043.jpg,0
raw_datasets_terracepacels/siamese_terrace_21/IMG20260423175625.jpg,raw_datasets_terracepacels/siamese_terrace_21/IMG20260423175637.jpg,1
raw_datasets_terracepacels/siamese_terrace_11/IMG20260423174028.jpg,raw_datasets_terracepacels/siamese_terrace_92/IMG20260424113145.jpg,0
raw_datasets_terracepacels/siamese_terrace_39/IMG20260424101132.jpg,raw_datasets_terracepacels/siamese_terrace_39/IMG20260424101213.jpg,1
raw_datasets_terracepacels/siamese_terrace_76/IMG20260424111034.jpg,raw_datasets_terracepacels/siamese_terrace_76/IMG20260424111038.jpg,1
raw_datasets_terracepacels/siamese_terrace_82/IMG20260424111516.jpg,raw_datasets_terracepacels/siamese_terrace_82/IMG20260424111526.jpg,1
raw_datasets_terracepacels/siamese_terrace_32/IMG20260423181159.jpg,raw_datasets_terracepacels/siamese_terrace_46/IMG20260424102123.jpg,0
raw_datasets_terracepacels/siamese_terrace_18/IMG20260423175358.jpg,raw_datasets_terracepacels/siamese_terrace_18/IMG20260423175402.jpg,1
raw_datasets_terracepacels/siamese_terrace_78/IMG20260424111214.jpg,raw_datasets_terracepacels/siamese_terrace_78/IMG20260424111227.jpg,1
raw_datasets_terracepacels/siamese_terrace_32/IMG20260423181203.jpg,raw_datasets_terracepacels/siamese_terrace_32/IMG20260423181213.jpg,1
raw_datasets_terracepacels/siamese_terrace_57/IMG20260424103926.jpg,raw_datasets_terracepacels/siamese_terrace_74/IMG20260424110853.jpg,0
raw_datasets_terracepacels/siamese_terrace_24/IMG20260423175829.jpg,raw_datasets_terracepacels/siamese_terrace_24/IMG20260423175852.jpg,1
raw_datasets_terracepacels/siamese_terrace_67/IMG20260424105927.jpg,raw_datasets_terracepacels/siamese_terrace_3/IMG20260423172527.jpg,0
raw_datasets_terracepacels/siamese_terrace_35/IMG20260423181459.jpg,raw_datasets_terracepacels/siamese_terrace_9/IMG20260423173730.jpg,0
raw_datasets_terracepacels/siamese_terrace_50/IMG20260424102547.jpg,raw_datasets_terracepacels/siamese_terrace_50/IMG20260424102608.jpg,1
raw_datasets_terracepacels/siamese_terrace_35/IMG20260423181521.jpg,raw_datasets_terracepacels/siamese_terrace_44/IMG20260424101821.jpg,0
raw_datasets_terracepacels/siamese_terrace_31/IMG20260423181038.jpg,raw_datasets_terracepacels/siamese_terrace_28/IMG20260423180423.jpg,0
raw_datasets_terracepacels/siamese_terrace_48/IMG20260424102253.jpg,raw_datasets_terracepacels/siamese_terrace_87/IMG20260424112806.jpg,0
raw_datasets_terracepacels/siamese_terrace_42/IMG20260424101537.jpg,raw_datasets_terracepacels/siamese_terrace_42/IMG20260424101606.jpg,1
raw_datasets_terracepacels/siamese_terrace_8/IMG20260423173628.jpg,raw_datasets_terracepacels/siamese_terrace_8/IMG20260423173648.jpg,1
raw_datasets_terracepacels/siamese_terrace_58/IMG20260424104214.jpg,raw_datasets_terracepacels/siamese_terrace_82/IMG20260424111526.jpg,0
raw_datasets_terracepacels/siamese_terrace_91/IMG20260424113053.jpg,raw_datasets_terracepacels/siamese_terrace_91/IMG20260424113103.jpg,1
raw_datasets_terracepacels/siamese_terrace_19/IMG20260423175414.jpg,raw_datasets_terracepacels/siamese_terrace_82/IMG20260424111540.jpg,0
raw_datasets_terracepacels/siamese_terrace_1/IMG20260423172315.jpg,raw_datasets_terracepacels/siamese_terrace_1/IMG20260423172352.jpg,1
raw_datasets_terracepacels/siamese_terrace_53/IMG20260424103059.jpg,raw_datasets_terracepacels/siamese_terrace_66/IMG20260424105829.jpg,0
raw_datasets_terracepacels/siamese_terrace_30/IMG20260423180955.jpg,raw_datasets_terracepacels/siamese_terrace_30/IMG20260423181004.jpg,1
raw_datasets_terracepacels/siamese_terrace_70/IMG20260424110406.jpg,raw_datasets_terracepacels/siamese_terrace_70/IMG20260424110443.jpg,1
raw_datasets_terracepacels/siamese_terrace_73/IMG20260424110751.jpg,raw_datasets_terracepacels/siamese_terrace_73/IMG20260424110801.jpg,1
raw_datasets_terracepacels/siamese_terrace_88/IMG20260424112835.jpg,raw_datasets_terracepacels/siamese_terrace_88/IMG20260424112842.jpg,1
raw_datasets_terracepacels/siamese_terrace_57/IMG20260424103932.jpg,raw_datasets_terracepacels/siamese_terrace_43/IMG20260424101706.jpg,0
raw_datasets_terracepacels/siamese_terrace_92/IMG20260424113145.jpg,raw_datasets_terracepacels/siamese_terrace_58/IMG20260424104140.jpg,0
raw_datasets_terracepacels/siamese_terrace_82/IMG20260424111532.jpg,raw_datasets_terracepacels/siamese_terrace_28/IMG20260423180439.jpg,0
raw_datasets_terracepacels/siamese_terrace_50/IMG20260424102601.jpg,raw_datasets_terracepacels/siamese_terrace_50/IMG20260424102608.jpg,1
raw_datasets_terracepacels/siamese_terrace_84/IMG20260424112449.jpg,raw_datasets_terracepacels/siamese_terrace_84/IMG20260424112456.jpg,1
raw_datasets_terracepacels/siamese_terrace_20/IMG20260423175445.jpg,raw_datasets_terracepacels/siamese_terrace_37/IMG20260424101011.jpg,0
raw_datasets_terracepacels/siamese_terrace_80/IMG20260424111355.jpg,raw_datasets_terracepacels/siamese_terrace_37/IMG20260424100945.jpg,0
raw_datasets_terracepacels/siamese_terrace_75/IMG20260424110952.jpg,raw_datasets_terracepacels/siamese_terrace_94/IMG20260424113311.jpg,0
raw_datasets_terracepacels/siamese_terrace_75/IMG20260424110952.jpg,raw_datasets_terracepacels/siamese_terrace_75/IMG20260424111001.jpg,1
raw_datasets_terracepacels/siamese_terrace_64/IMG20260424105557.jpg,raw_datasets_terracepacels/siamese_terrace_75/IMG20260424110930.jpg,0
raw_datasets_terracepacels/siamese_terrace_37/IMG20260424100955.jpg,raw_datasets_terracepacels/siamese_terrace_52/IMG20260424103008.jpg,0
raw_datasets_terracepacels/siamese_terrace_78/IMG20260424111218.jpg,raw_datasets_terracepacels/siamese_terrace_51/IMG20260424102904.jpg,0
raw_datasets_terracepacels/siamese_terrace_24/IMG20260423175829.jpg,raw_datasets_terracepacels/siamese_terrace_53/IMG20260424103059.jpg,0
raw_datasets_terracepacels/siamese_terrace_36/IMG20260423181612.jpg,raw_datasets_terracepacels/siamese_terrace_21/IMG20260423175632.jpg,0
raw_datasets_terracepacels/siamese_terrace_31/IMG20260423181058.jpg,raw_datasets_terracepacels/siamese_terrace_31/IMG20260423181105.jpg,1
raw_datasets_terracepacels/siamese_terrace_77/IMG20260424111120.jpg,raw_datasets_terracepacels/siamese_terrace_77/IMG20260424111132.jpg,1
raw_datasets_terracepacels/siamese_terrace_72/IMG20260424110650.jpg,raw_datasets_terracepacels/siamese_terrace_72/IMG20260424110703.jpg,1
raw_datasets_terracepacels/siamese_terrace_79/IMG20260424111338.jpg,raw_datasets_terracepacels/siamese_terrace_79/IMG20260424111342.jpg,1
raw_datasets_terracepacels/siamese_terrace_23/IMG20260423175804.jpg,raw_datasets_terracepacels/siamese_terrace_23/IMG20260423175820.jpg,1
raw_datasets_terracepacels/siamese_terrace_4/IMG20260423172843.jpg,raw_datasets_terracepacels/siamese_terrace_48/IMG20260424102300.jpg,0
raw_datasets_terracepacels/siamese_terrace_92/IMG20260424113132.jpg,raw_datasets_terracepacels/siamese_terrace_92/IMG20260424113141.jpg,1
raw_datasets_terracepacels/siamese_terrace_19/IMG20260423175432.jpg,raw_datasets_terracepacels/siamese_terrace_54/IMG20260424103350.jpg,0
raw_datasets_terracepacels/siamese_terrace_87/IMG20260424112802.jpg,raw_datasets_terracepacels/siamese_terrace_87/IMG20260424112811.jpg,1
raw_datasets_terracepacels/siamese_terrace_17/IMG20260423175314.jpg,raw_datasets_terracepacels/siamese_terrace_17/IMG20260423175326.jpg,1
raw_datasets_terracepacels/siamese_terrace_85/IMG20260424112547.jpg,raw_datasets_terracepacels/siamese_terrace_85/IMG20260424112556.jpg,1
raw_datasets_terracepacels/siamese_terrace_69/IMG20260424110146.jpg,raw_datasets_terracepacels/siamese_terrace_18/IMG20260423175358.jpg,0
raw_datasets_terracepacels/siamese_terrace_25/IMG20260423175940.jpg,raw_datasets_terracepacels/siamese_terrace_25/IMG20260423175944.jpg,1
raw_datasets_terracepacels/siamese_terrace_33/IMG20260423181329.jpg,raw_datasets_terracepacels/siamese_terrace_33/IMG20260423181336.jpg,1
raw_datasets_terracepacels/siamese_terrace_25/IMG20260423175944.jpg,raw_datasets_terracepacels/siamese_terrace_19/IMG20260423175432.jpg,0
raw_datasets_terracepacels/siamese_terrace_35/IMG20260423181459.jpg,raw_datasets_terracepacels/siamese_terrace_35/IMG20260423181521.jpg,1
raw_datasets_terracepacels/siamese_terrace_77/IMG20260424111139.jpg,raw_datasets_terracepacels/siamese_terrace_72/IMG20260424110657.jpg,0
raw_datasets_terracepacels/siamese_terrace_14/IMG20260423174856.jpg,raw_datasets_terracepacels/siamese_terrace_14/IMG20260423174908.jpg,1
raw_datasets_terracepacels/siamese_terrace_77/IMG20260424111120.jpg,raw_datasets_terracepacels/siamese_terrace_77/IMG20260424111144.jpg,1
raw_datasets_terracepacels/siamese_terrace_41/IMG20260424101327.jpg,raw_datasets_terracepacels/siamese_terrace_41/IMG20260424101357.jpg,1
raw_datasets_terracepacels/siamese_terrace_80/IMG20260424111400.jpg,raw_datasets_terracepacels/siamese_terrace_80/IMG20260424111406.jpg,1
raw_datasets_terracepacels/siamese_terrace_51/IMG20260424102858.jpg,raw_datasets_terracepacels/siamese_terrace_46/IMG20260424102123.jpg,0
raw_datasets_terracepacels/siamese_terrace_46/IMG20260424102101.jpg,raw_datasets_terracepacels/siamese_terrace_46/IMG20260424102123.jpg,1
raw_datasets_terracepacels/siamese_terrace_43/IMG20260424101706.jpg,raw_datasets_terracepacels/siamese_terrace_72/IMG20260424110650.jpg,0
raw_datasets_terracepacels/siamese_terrace_32/IMG20260423181213.jpg,raw_datasets_terracepacels/siamese_terrace_76/IMG20260424111053.jpg,0
raw_datasets_terracepacels/siamese_terrace_1/IMG20260423172315.jpg,raw_datasets_terracepacels/siamese_terrace_1/IMG20260423172338.jpg,1
raw_datasets_terracepacels/siamese_terrace_58/IMG20260424104214.jpg,raw_datasets_terracepacels/siamese_terrace_54/IMG20260424103330.jpg,0
raw_datasets_terracepacels/siamese_terrace_42/IMG20260424101557.jpg,raw_datasets_terracepacels/siamese_terrace_76/IMG20260424111044.jpg,0
raw_datasets_terracepacels/siamese_terrace_6/IMG20260423173051.jpg,raw_datasets_terracepacels/siamese_terrace_6/IMG20260423173100.jpg,1
raw_datasets_terracepacels/siamese_terrace_25/IMG20260423175926.jpg,raw_datasets_terracepacels/siamese_terrace_15/IMG20260423175038.jpg,0
raw_datasets_terracepacels/siamese_terrace_52/IMG20260424103001.jpg,raw_datasets_terracepacels/siamese_terrace_41/IMG20260424101349.jpg,0
raw_datasets_terracepacels/siamese_terrace_1/IMG20260423172324.jpg,raw_datasets_terracepacels/siamese_terrace_57/IMG20260424103926.jpg,0
raw_datasets_terracepacels/siamese_terrace_13/IMG20260423174807.jpg,raw_datasets_terracepacels/siamese_terrace_13/IMG20260423174816.jpg,1
raw_datasets_terracepacels/siamese_terrace_21/IMG20260423175632.jpg,raw_datasets_terracepacels/siamese_terrace_21/IMG20260423175637.jpg,1
raw_datasets_terracepacels/siamese_terrace_9/IMG20260423173727.jpg,raw_datasets_terracepacels/siamese_terrace_9/IMG20260423173730.jpg,1
raw_datasets_terracepacels/siamese_terrace_95/IMG20260424113327.jpg,raw_datasets_terracepacels/siamese_terrace_52/IMG20260424103008.jpg,0
raw_datasets_terracepacels/siamese_terrace_40/IMG20260424101251.jpg,raw_datasets_terracepacels/siamese_terrace_40/IMG20260424101300.jpg,1
raw_datasets_terracepacels/siamese_terrace_74/IMG20260424110838.jpg,raw_datasets_terracepacels/siamese_terrace_74/IMG20260424110900.jpg,1
raw_datasets_terracepacels/siamese_terrace_49/IMG20260424102450.jpg,raw_datasets_terracepacels/siamese_terrace_86/IMG20260424112656.jpg,0
raw_datasets_terracepacels/siamese_terrace_25/IMG20260423175940.jpg,raw_datasets_terracepacels/siamese_terrace_77/IMG20260424111151.jpg,0
raw_datasets_terracepacels/siamese_terrace_43/IMG20260424101720.jpg,raw_datasets_terracepacels/siamese_terrace_43/IMG20260424101735.jpg,1
raw_datasets_terracepacels/siamese_terrace_4/IMG20260423172859.jpg,raw_datasets_terracepacels/siamese_terrace_25/IMG20260423175926.jpg,0
raw_datasets_terracepacels/siamese_terrace_17/IMG20260423175326.jpg,raw_datasets_terracepacels/siamese_terrace_33/IMG20260423181329.jpg,0
raw_datasets_terracepacels/siamese_terrace_19/IMG20260423175432.jpg,raw_datasets_terracepacels/siamese_terrace_58/IMG20260424104140.jpg,0
raw_datasets_terracepacels/siamese_terrace_3/IMG20260423172527.jpg,raw_datasets_terracepacels/siamese_terrace_38/IMG20260424101037.jpg,0
raw_datasets_terracepacels/siamese_terrace_83/IMG20260424112358.jpg,raw_datasets_terracepacels/siamese_terrace_83/IMG20260424112407.jpg,1
raw_datasets_terracepacels/siamese_terrace_30/IMG20260423181013.jpg,raw_datasets_terracepacels/siamese_terrace_85/IMG20260424112536.jpg,0
raw_datasets_terracepacels/siamese_terrace_7/IMG20260423173214.jpg,raw_datasets_terracepacels/siamese_terrace_59/IMG20260424104246.jpg,0
raw_datasets_terracepacels/siamese_terrace_7/IMG20260423173214.jpg,raw_datasets_terracepacels/siamese_terrace_7/IMG20260423173219.jpg,1
raw_datasets_terracepacels/siamese_terrace_55/IMG20260424103548.jpg,raw_datasets_terracepacels/siamese_terrace_44/IMG20260424101821.jpg,0
raw_datasets_terracepacels/siamese_terrace_84/IMG20260424112456.jpg,raw_datasets_terracepacels/siamese_terrace_84/IMG20260424112502.jpg,1
raw_datasets_terracepacels/siamese_terrace_79/IMG20260424111327.jpg,raw_datasets_terracepacels/siamese_terrace_31/IMG20260423181105.jpg,0
raw_datasets_terracepacels/siamese_terrace_89/IMG20260424112927.jpg,raw_datasets_terracepacels/siamese_terrace_65/IMG20260424105649.jpg,0
raw_datasets_terracepacels/siamese_terrace_92/IMG20260424113153.jpg,raw_datasets_terracepacels/siamese_terrace_17/IMG20260423175326.jpg,0
raw_datasets_terracepacels/siamese_terrace_35/IMG20260423181528.jpg,raw_datasets_terracepacels/siamese_terrace_74/IMG20260424110838.jpg,0
raw_datasets_terracepacels/siamese_terrace_41/IMG20260424101327.jpg,raw_datasets_terracepacels/siamese_terrace_41/IMG20260424101333.jpg,1
raw_datasets_terracepacels/siamese_terrace_40/IMG20260424101236.jpg,raw_datasets_terracepacels/siamese_terrace_40/IMG20260424101251.jpg,1
raw_datasets_terracepacels/siamese_terrace_83/IMG20260424112407.jpg,raw_datasets_terracepacels/siamese_terrace_83/IMG20260424112424.jpg,1
raw_datasets_terracepacels/siamese_terrace_56/IMG20260424103741.jpg,raw_datasets_terracepacels/siamese_terrace_53/IMG20260424103106.jpg,0
raw_datasets_terracepacels/siamese_terrace_49/IMG20260424102450.jpg,raw_datasets_terracepacels/siamese_terrace_82/IMG20260424111516.jpg,0
raw_datasets_terracepacels/siamese_terrace_49/IMG20260424102458.jpg,raw_datasets_terracepacels/siamese_terrace_49/IMG20260424102512.jpg,1
raw_datasets_terracepacels/siamese_terrace_13/IMG20260423174807.jpg,raw_datasets_terracepacels/siamese_terrace_13/IMG20260423174812.jpg,1
raw_datasets_terracepacels/siamese_terrace_78/IMG20260424111159.jpg,raw_datasets_terracepacels/siamese_terrace_67/IMG20260424105922.jpg,0
raw_datasets_terracepacels/siamese_terrace_59/IMG20260424104255.jpg,raw_datasets_terracepacels/siamese_terrace_59/IMG20260424104308.jpg,1
raw_datasets_terracepacels/siamese_terrace_54/IMG20260424103330.jpg,raw_datasets_terracepacels/siamese_terrace_54/IMG20260424103358.jpg,1
raw_datasets_terracepacels/siamese_terrace_65/IMG20260424105706.jpg,raw_datasets_terracepacels/siamese_terrace_58/IMG20260424104203.jpg,0
raw_datasets_terracepacels/siamese_terrace_55/IMG20260424103548.jpg,raw_datasets_terracepacels/siamese_terrace_55/IMG20260424103555.jpg,1
raw_datasets_terracepacels/siamese_terrace_23/IMG20260423175804.jpg,raw_datasets_terracepacels/siamese_terrace_23/IMG20260423175814.jpg,1
raw_datasets_terracepacels/siamese_terrace_37/IMG20260424100955.jpg,raw_datasets_terracepacels/siamese_terrace_37/IMG20260424101020.jpg,1
raw_datasets_terracepacels/siamese_terrace_52/IMG20260424102944.jpg,raw_datasets_terracepacels/siamese_terrace_52/IMG20260424103008.jpg,1
raw_datasets_terracepacels/siamese_terrace_73/IMG20260424110751.jpg,raw_datasets_terracepacels/siamese_terrace_78/IMG20260424111159.jpg,0
raw_datasets_terracepacels/siamese_terrace_84/IMG20260424112449.jpg,raw_datasets_terracepacels/siamese_terrace_84/IMG20260424112511.jpg,1
raw_datasets_terracepacels/siamese_terrace_66/IMG20260424105829.jpg,raw_datasets_terracepacels/siamese_terrace_79/IMG20260424111332.jpg,0
raw_datasets_terracepacels/siamese_terrace_18/IMG20260423175349.jpg,raw_datasets_terracepacels/siamese_terrace_67/IMG20260424105936.jpg,0
raw_datasets_terracepacels/siamese_terrace_13/IMG20260423174816.jpg,raw_datasets_terracepacels/siamese_terrace_13/IMG20260423174826.jpg,1
raw_datasets_terracepacels/siamese_terrace_66/IMG20260424105818.jpg,raw_datasets_terracepacels/siamese_terrace_66/IMG20260424105829.jpg,1
raw_datasets_terracepacels/siamese_terrace_74/IMG20260424110908.jpg,raw_datasets_terracepacels/siamese_terrace_29/IMG20260423180917.jpg,0
raw_datasets_terracepacels/siamese_terrace_49/IMG20260424102450.jpg,raw_datasets_terracepacels/siamese_terrace_49/IMG20260424102512.jpg,1
raw_datasets_terracepacels/siamese_terrace_66/IMG20260424105808.jpg,raw_datasets_terracepacels/siamese_terrace_6/IMG20260423173109.jpg,0
raw_datasets_terracepacels/siamese_terrace_76/IMG20260424111022.jpg,raw_datasets_terracepacels/siamese_terrace_76/IMG20260424111053.jpg,1
raw_datasets_terracepacels/siamese_terrace_7/IMG20260423173156.jpg,raw_datasets_terracepacels/siamese_terrace_7/IMG20260423173227.jpg,1
raw_datasets_terracepacels/siamese_terrace_41/IMG20260424101342.jpg,raw_datasets_terracepacels/siamese_terrace_41/IMG20260424101357.jpg,1
raw_datasets_terracepacels/siamese_terrace_64/IMG20260424105557.jpg,raw_datasets_terracepacels/siamese_terrace_64/IMG20260424105625.jpg,1
raw_datasets_terracepacels/siamese_terrace_90/IMG20260424113007.jpg,raw_datasets_terracepacels/siamese_terrace_90/IMG20260424113017.jpg,1
raw_datasets_terracepacels/siamese_terrace_76/IMG20260424111038.jpg,raw_datasets_terracepacels/siamese_terrace_76/IMG20260424111053.jpg,1
raw_datasets_terracepacels/siamese_terrace_78/IMG20260424111214.jpg,raw_datasets_terracepacels/siamese_terrace_87/IMG20260424112753.jpg,0
raw_datasets_terracepacels/siamese_terrace_95/IMG20260424113341.jpg,raw_datasets_terracepacels/siamese_terrace_77/IMG20260424111144.jpg,0
raw_datasets_terracepacels/siamese_terrace_81/IMG20260424111437.jpg,raw_datasets_terracepacels/siamese_terrace_81/IMG20260424111442.jpg,1
raw_datasets_terracepacels/siamese_terrace_80/IMG20260424111400.jpg,raw_datasets_terracepacels/siamese_terrace_8/IMG20260423173628.jpg,0
raw_datasets_terracepacels/siamese_terrace_3/IMG20260423172520.jpg,raw_datasets_terracepacels/siamese_terrace_83/IMG20260424112424.jpg,0
raw_datasets_terracepacels/siamese_terrace_73/IMG20260424110751.jpg,raw_datasets_terracepacels/siamese_terrace_32/IMG20260423181208.jpg,0
raw_datasets_terracepacels/siamese_terrace_84/IMG20260424112456.jpg,raw_datasets_terracepacels/siamese_terrace_84/IMG20260424112511.jpg,1
raw_datasets_terracepacels/siamese_terrace_43/IMG20260424101744.jpg,raw_datasets_terracepacels/siamese_terrace_21/IMG20260423175632.jpg,0
raw_datasets_terracepacels/siamese_terrace_26/IMG20260423180000.jpg,raw_datasets_terracepacels/siamese_terrace_81/IMG20260424111453.jpg,0
raw_datasets_terracepacels/siamese_terrace_5/IMG20260423173007.jpg,raw_datasets_terracepacels/siamese_terrace_5/IMG20260423173012.jpg,1
raw_datasets_terracepacels/siamese_terrace_53/IMG20260424103049.jpg,raw_datasets_terracepacels/siamese_terrace_84/IMG20260424112518.jpg,0
raw_datasets_terracepacels/siamese_terrace_8/IMG20260423173634.jpg,raw_datasets_terracepacels/siamese_terrace_94/IMG20260424113307.jpg,0
raw_datasets_terracepacels/siamese_terrace_56/IMG20260424103727.jpg,raw_datasets_terracepacels/siamese_terrace_56/IMG20260424103733.jpg,1
raw_datasets_terracepacels/siamese_terrace_57/IMG20260424103926.jpg,raw_datasets_terracepacels/siamese_terrace_13/IMG20260423174800.jpg,0
raw_datasets_terracepacels/siamese_terrace_65/IMG20260424105659.jpg,raw_datasets_terracepacels/siamese_terrace_13/IMG20260423174812.jpg,0
raw_datasets_terracepacels/siamese_terrace_45/IMG20260424102033.jpg,raw_datasets_terracepacels/siamese_terrace_45/IMG20260424102050.jpg,1
raw_datasets_terracepacels/siamese_terrace_10/IMG20260423173827.jpg,raw_datasets_terracepacels/siamese_terrace_54/IMG20260424103358.jpg,0
raw_datasets_terracepacels/siamese_terrace_32/IMG20260423181145.jpg,raw_datasets_terracepacels/siamese_terrace_32/IMG20260423181203.jpg,1
raw_datasets_terracepacels/siamese_terrace_89/IMG20260424112927.jpg,raw_datasets_terracepacels/siamese_terrace_89/IMG20260424112933.jpg,1
raw_datasets_terracepacels/siamese_terrace_66/IMG20260424105808.jpg,raw_datasets_terracepacels/siamese_terrace_66/IMG20260424105829.jpg,1
raw_datasets_terracepacels/siamese_terrace_20/IMG20260423175500.jpg,raw_datasets_terracepacels/siamese_terrace_20/IMG20260423175504.jpg,1
raw_datasets_terracepacels/siamese_terrace_14/IMG20260423174902.jpg,raw_datasets_terracepacels/siamese_terrace_14/IMG20260423174908.jpg,1
raw_datasets_terracepacels/siamese_terrace_79/IMG20260424111342.jpg,raw_datasets_terracepacels/siamese_terrace_80/IMG20260424111355.jpg,0
raw_datasets_terracepacels/siamese_terrace_82/IMG20260424111516.jpg,raw_datasets_terracepacels/siamese_terrace_51/IMG20260424102909.jpg,0
raw_datasets_terracepacels/siamese_terrace_95/IMG20260424113327.jpg,raw_datasets_terracepacels/siamese_terrace_95/IMG20260424113352.jpg,1
raw_datasets_terracepacels/siamese_terrace_36/IMG20260423181622.jpg,raw_datasets_terracepacels/siamese_terrace_44/IMG20260424101827.jpg,0
raw_datasets_terracepacels/siamese_terrace_70/IMG20260424110418.jpg,raw_datasets_terracepacels/siamese_terrace_70/IMG20260424110426.jpg,1
raw_datasets_terracepacels/siamese_terrace_84/IMG20260424112456.jpg,raw_datasets_terracepacels/siamese_terrace_11/IMG20260423174023.jpg,0
raw_datasets_terracepacels/siamese_terrace_55/IMG20260424103533.jpg,raw_datasets_terracepacels/siamese_terrace_55/IMG20260424103602.jpg,1
raw_datasets_terracepacels/siamese_terrace_54/IMG20260424103344.jpg,raw_datasets_terracepacels/siamese_terrace_12/IMG20260423174717.jpg,0
raw_datasets_terracepacels/siamese_terrace_37/IMG20260424100955.jpg,raw_datasets_terracepacels/siamese_terrace_31/IMG20260423181105.jpg,0
raw_datasets_terracepacels/siamese_terrace_52/IMG20260424102935.jpg,raw_datasets_terracepacels/siamese_terrace_81/IMG20260424111501.jpg,0
raw_datasets_terracepacels/siamese_terrace_9/IMG20260423173711.jpg,raw_datasets_terracepacels/siamese_terrace_9/IMG20260423173721.jpg,1
raw_datasets_terracepacels/siamese_terrace_35/IMG20260423181510.jpg,raw_datasets_terracepacels/siamese_terrace_35/IMG20260423181516.jpg,1
raw_datasets_terracepacels/siamese_terrace_52/IMG20260424102944.jpg,raw_datasets_terracepacels/siamese_terrace_41/IMG20260424101349.jpg,0
raw_datasets_terracepacels/siamese_terrace_74/IMG20260424110850.jpg,raw_datasets_terracepacels/siamese_terrace_83/IMG20260424112412.jpg,0
raw_datasets_terracepacels/siamese_terrace_65/IMG20260424105649.jpg,raw_datasets_terracepacels/siamese_terrace_65/IMG20260424105712.jpg,1
raw_datasets_terracepacels/siamese_terrace_43/IMG20260424101706.jpg,raw_datasets_terracepacels/siamese_terrace_43/IMG20260424101744.jpg,1
raw_datasets_terracepacels/siamese_terrace_48/IMG20260424102315.jpg,raw_datasets_terracepacels/siamese_terrace_48/IMG20260424102321.jpg,1
raw_datasets_terracepacels/siamese_terrace_83/IMG20260424112407.jpg,raw_datasets_terracepacels/siamese_terrace_83/IMG20260424112412.jpg,1
raw_datasets_terracepacels/siamese_terrace_40/IMG20260424101227.jpg,raw_datasets_terracepacels/siamese_terrace_40/IMG20260424101300.jpg,1
raw_datasets_terracepacels/siamese_terrace_59/IMG20260424104318.jpg,raw_datasets_terracepacels/siamese_terrace_31/IMG20260423181047.jpg,0
raw_datasets_terracepacels/siamese_terrace_82/IMG20260424111526.jpg,raw_datasets_terracepacels/siamese_terrace_39/IMG20260424101132.jpg,0
raw_datasets_terracepacels/siamese_terrace_89/IMG20260424112920.jpg,raw_datasets_terracepacels/siamese_terrace_89/IMG20260424112941.jpg,1
raw_datasets_terracepacels/siamese_terrace_8/IMG20260423173622.jpg,raw_datasets_terracepacels/siamese_terrace_8/IMG20260423173628.jpg,1
raw_datasets_terracepacels/siamese_terrace_40/IMG20260424101227.jpg,raw_datasets_terracepacels/siamese_terrace_82/IMG20260424111540.jpg,0
raw_datasets_terracepacels/siamese_terrace_91/IMG20260424113103.jpg,raw_datasets_terracepacels/siamese_terrace_91/IMG20260424113112.jpg,1
raw_datasets_terracepacels/siamese_terrace_45/IMG20260424102033.jpg,raw_datasets_terracepacels/siamese_terrace_30/IMG20260423181007.jpg,0
raw_datasets_terracepacels/siamese_terrace_36/IMG20260423181602.jpg,raw_datasets_terracepacels/siamese_terrace_28/IMG20260423180439.jpg,0
raw_datasets_terracepacels/siamese_terrace_50/IMG20260424102547.jpg,raw_datasets_terracepacels/siamese_terrace_59/IMG20260424104303.jpg,0
raw_datasets_terracepacels/siamese_terrace_39/IMG20260424101146.jpg,raw_datasets_terracepacels/siamese_terrace_39/IMG20260424101154.jpg,1
raw_datasets_terracepacels/siamese_terrace_12/IMG20260423174707.jpg,raw_datasets_terracepacels/siamese_terrace_12/IMG20260423174735.jpg,1
raw_datasets_terracepacels/siamese_terrace_37/IMG20260424101011.jpg,raw_datasets_terracepacels/siamese_terrace_7/IMG20260423173156.jpg,0
raw_datasets_terracepacels/siamese_terrace_10/IMG20260423173821.jpg,raw_datasets_terracepacels/siamese_terrace_10/IMG20260423173827.jpg,1
raw_datasets_terracepacels/siamese_terrace_29/IMG20260423180912.jpg,raw_datasets_terracepacels/siamese_terrace_29/IMG20260423180917.jpg,1
raw_datasets_terracepacels/siamese_terrace_78/IMG20260424111218.jpg,raw_datasets_terracepacels/siamese_terrace_78/IMG20260424111227.jpg,1
raw_datasets_terracepacels/siamese_terrace_21/IMG20260423175637.jpg,raw_datasets_terracepacels/siamese_terrace_21/IMG20260423175650.jpg,1
raw_datasets_terracepacels/siamese_terrace_30/IMG20260423180955.jpg,raw_datasets_terracepacels/siamese_terrace_30/IMG20260423181024.jpg,1
raw_datasets_terracepacels/siamese_terrace_19/IMG20260423175423.jpg,raw_datasets_terracepacels/siamese_terrace_93/IMG20260424113227.jpg,0
raw_datasets_terracepacels/siamese_terrace_69/IMG20260424110146.jpg,raw_datasets_terracepacels/siamese_terrace_81/IMG20260424111501.jpg,0
raw_datasets_terracepacels/siamese_terrace_45/IMG20260424102024.jpg,raw_datasets_terracepacels/siamese_terrace_45/IMG20260424102033.jpg,1
raw_datasets_terracepacels/siamese_terrace_15/IMG20260423175006.jpg,raw_datasets_terracepacels/siamese_terrace_15/IMG20260423175031.jpg,1
raw_datasets_terracepacels/siamese_terrace_6/IMG20260423173100.jpg,raw_datasets_terracepacels/siamese_terrace_6/IMG20260423173109.jpg,1
raw_datasets_terracepacels/siamese_terrace_91/IMG20260424113108.jpg,raw_datasets_terracepacels/siamese_terrace_75/IMG20260424110952.jpg,0
raw_datasets_terracepacels/siamese_terrace_58/IMG20260424104140.jpg,raw_datasets_terracepacels/siamese_terrace_58/IMG20260424104148.jpg,1
raw_datasets_terracepacels/siamese_terrace_18/IMG20260423175358.jpg,raw_datasets_terracepacels/siamese_terrace_1/IMG20260423172343.jpg,0
raw_datasets_terracepacels/siamese_terrace_65/IMG20260424105706.jpg,raw_datasets_terracepacels/siamese_terrace_95/IMG20260424113345.jpg,0
raw_datasets_terracepacels/siamese_terrace_20/IMG20260423175445.jpg,raw_datasets_terracepacels/siamese_terrace_20/IMG20260423175500.jpg,1
raw_datasets_terracepacels/siamese_terrace_20/IMG20260423175500.jpg,raw_datasets_terracepacels/siamese_terrace_35/IMG20260423181459.jpg,0
raw_datasets_terracepacels/siamese_terrace_93/IMG20260424113222.jpg,raw_datasets_terracepacels/siamese_terrace_28/IMG20260423180419.jpg,0
raw_datasets_terracepacels/siamese_terrace_40/IMG20260424101236.jpg,raw_datasets_terracepacels/siamese_terrace_94/IMG20260424113300.jpg,0
raw_datasets_terracepacels/siamese_terrace_20/IMG20260423175452.jpg,raw_datasets_terracepacels/siamese_terrace_3/IMG20260423172540.jpg,0
raw_datasets_terracepacels/siamese_terrace_93/IMG20260424113210.jpg,raw_datasets_terracepacels/siamese_terrace_93/IMG20260424113217.jpg,1
raw_datasets_terracepacels/siamese_terrace_45/IMG20260424102024.jpg,raw_datasets_terracepacels/siamese_terrace_45/IMG20260424102043.jpg,1
raw_datasets_terracepacels/siamese_terrace_78/IMG20260424111214.jpg,raw_datasets_terracepacels/siamese_terrace_3/IMG20260423172535.jpg,0
raw_datasets_terracepacels/siamese_terrace_50/IMG20260424102555.jpg,raw_datasets_terracepacels/siamese_terrace_50/IMG20260424102608.jpg,1
raw_datasets_terracepacels/siamese_terrace_14/IMG20260423174902.jpg,raw_datasets_terracepacels/siamese_terrace_14/IMG20260423174924.jpg,1
raw_datasets_terracepacels/siamese_terrace_4/IMG20260423172852.jpg,raw_datasets_terracepacels/siamese_terrace_4/IMG20260423172859.jpg,1
raw_datasets_terracepacels/siamese_terrace_28/IMG20260423180419.jpg,raw_datasets_terracepacels/siamese_terrace_28/IMG20260423180439.jpg,1
raw_datasets_terracepacels/siamese_terrace_32/IMG20260423181159.jpg,raw_datasets_terracepacels/siamese_terrace_32/IMG20260423181213.jpg,1
raw_datasets_terracepacels/siamese_terrace_23/IMG20260423175811.jpg,raw_datasets_terracepacels/siamese_terrace_23/IMG20260423175820.jpg,1
raw_datasets_terracepacels/siamese_terrace_64/IMG20260424105612.jpg,raw_datasets_terracepacels/siamese_terrace_10/IMG20260423173834.jpg,0
raw_datasets_terracepacels/siamese_terrace_22/IMG20260423175711.jpg,raw_datasets_terracepacels/siamese_terrace_22/IMG20260423175739.jpg,1
raw_datasets_terracepacels/siamese_terrace_56/IMG20260424103727.jpg,raw_datasets_terracepacels/siamese_terrace_56/IMG20260424103736.jpg,1
raw_datasets_terracepacels/siamese_terrace_11/IMG20260423174019.jpg,raw_datasets_terracepacels/siamese_terrace_21/IMG20260423175643.jpg,0
raw_datasets_terracepacels/siamese_terrace_82/IMG20260424111536.jpg,raw_datasets_terracepacels/siamese_terrace_76/IMG20260424111022.jpg,0
raw_datasets_terracepacels/siamese_terrace_58/IMG20260424104140.jpg,raw_datasets_terracepacels/siamese_terrace_94/IMG20260424113311.jpg,0
raw_datasets_terracepacels/siamese_terrace_81/IMG20260424111453.jpg,raw_datasets_terracepacels/siamese_terrace_21/IMG20260423175632.jpg,0
raw_datasets_terracepacels/siamese_terrace_93/IMG20260424113222.jpg,raw_datasets_terracepacels/siamese_terrace_93/IMG20260424113234.jpg,1
raw_datasets_terracepacels/siamese_terrace_8/IMG20260423173622.jpg,raw_datasets_terracepacels/siamese_terrace_8/IMG20260423173648.jpg,1
raw_datasets_terracepacels/siamese_terrace_40/IMG20260424101236.jpg,raw_datasets_terracepacels/siamese_terrace_40/IMG20260424101300.jpg,1
raw_datasets_terracepacels/siamese_terrace_58/IMG20260424104140.jpg,raw_datasets_terracepacels/siamese_terrace_58/IMG20260424104203.jpg,1
raw_datasets_terracepacels/siamese_terrace_72/IMG20260424110636.jpg,raw_datasets_terracepacels/siamese_terrace_72/IMG20260424110657.jpg,1
raw_datasets_terracepacels/siamese_terrace_30/IMG20260423181007.jpg,raw_datasets_terracepacels/siamese_terrace_82/IMG20260424111536.jpg,0
raw_datasets_terracepacels/siamese_terrace_12/IMG20260423174707.jpg,raw_datasets_terracepacels/siamese_terrace_12/IMG20260423174717.jpg,1
raw_datasets_terracepacels/siamese_terrace_93/IMG20260424113222.jpg,raw_datasets_terracepacels/siamese_terrace_22/IMG20260423175721.jpg,0
raw_datasets_terracepacels/siamese_terrace_92/IMG20260424113132.jpg,raw_datasets_terracepacels/siamese_terrace_92/IMG20260424113145.jpg,1
raw_datasets_terracepacels/siamese_terrace_83/IMG20260424112412.jpg,raw_datasets_terracepacels/siamese_terrace_83/IMG20260424112424.jpg,1
raw_datasets_terracepacels/siamese_terrace_55/IMG20260424103548.jpg,raw_datasets_terracepacels/siamese_terrace_55/IMG20260424103602.jpg,1
raw_datasets_terracepacels/siamese_terrace_56/IMG20260424103733.jpg,raw_datasets_terracepacels/siamese_terrace_65/IMG20260424105712.jpg,0
raw_datasets_terracepacels/siamese_terrace_21/IMG20260423175632.jpg,raw_datasets_terracepacels/siamese_terrace_21/IMG20260423175650.jpg,1
raw_datasets_terracepacels/siamese_terrace_35/IMG20260423181459.jpg,raw_datasets_terracepacels/siamese_terrace_35/IMG20260423181528.jpg,1
raw_datasets_terracepacels/siamese_terrace_78/IMG20260424111159.jpg,raw_datasets_terracepacels/siamese_terrace_78/IMG20260424111214.jpg,1
raw_datasets_terracepacels/siamese_terrace_49/IMG20260424102436.jpg,raw_datasets_terracepacels/siamese_terrace_49/IMG20260424102443.jpg,1
raw_datasets_terracepacels/siamese_terrace_10/IMG20260423173810.jpg,raw_datasets_terracepacels/siamese_terrace_10/IMG20260423173827.jpg,1
raw_datasets_terracepacels/siamese_terrace_54/IMG20260424103344.jpg,raw_datasets_terracepacels/siamese_terrace_41/IMG20260424101357.jpg,0
raw_datasets_terracepacels/siamese_terrace_52/IMG20260424103008.jpg,raw_datasets_terracepacels/siamese_terrace_58/IMG20260424104203.jpg,0
raw_datasets_terracepacels/siamese_terrace_20/IMG20260423175500.jpg,raw_datasets_terracepacels/siamese_terrace_93/IMG20260424113222.jpg,0
raw_datasets_terracepacels/siamese_terrace_73/IMG20260424110733.jpg,raw_datasets_terracepacels/siamese_terrace_73/IMG20260424110801.jpg,1
raw_datasets_terracepacels/siamese_terrace_46/IMG20260424102101.jpg,raw_datasets_terracepacels/siamese_terrace_41/IMG20260424101327.jpg,0
raw_datasets_terracepacels/siamese_terrace_37/IMG20260424100945.jpg,raw_datasets_terracepacels/siamese_terrace_37/IMG20260424101011.jpg,1
raw_datasets_terracepacels/siamese_terrace_21/IMG20260423175632.jpg,raw_datasets_terracepacels/siamese_terrace_21/IMG20260423175643.jpg,1
raw_datasets_terracepacels/siamese_terrace_28/IMG20260423180412.jpg,raw_datasets_terracepacels/siamese_terrace_28/IMG20260423180423.jpg,1
raw_datasets_terracepacels/siamese_terrace_59/IMG20260424104246.jpg,raw_datasets_terracepacels/siamese_terrace_59/IMG20260424104308.jpg,1
raw_datasets_terracepacels/siamese_terrace_75/IMG20260424110952.jpg,raw_datasets_terracepacels/siamese_terrace_44/IMG20260424101827.jpg,0
raw_datasets_terracepacels/siamese_terrace_74/IMG20260424110838.jpg,raw_datasets_terracepacels/siamese_terrace_74/IMG20260424110853.jpg,1
raw_datasets_terracepacels/siamese_terrace_80/IMG20260424111400.jpg,raw_datasets_terracepacels/siamese_terrace_6/IMG20260423173121.jpg,0
raw_datasets_terracepacels/siamese_terrace_47/IMG20260424102203.jpg,raw_datasets_terracepacels/siamese_terrace_47/IMG20260424102216.jpg,1
raw_datasets_terracepacels/siamese_terrace_65/IMG20260424105649.jpg,raw_datasets_terracepacels/siamese_terrace_3/IMG20260423172535.jpg,0
raw_datasets_terracepacels/siamese_terrace_84/IMG20260424112449.jpg,raw_datasets_terracepacels/siamese_terrace_84/IMG20260424112518.jpg,1
raw_datasets_terracepacels/siamese_terrace_80/IMG20260424111414.jpg,raw_datasets_terracepacels/siamese_terrace_6/IMG20260423173051.jpg,0
raw_datasets_terracepacels/siamese_terrace_28/IMG20260423180419.jpg,raw_datasets_terracepacels/siamese_terrace_28/IMG20260423180423.jpg,1
raw_datasets_terracepacels/siamese_terrace_94/IMG20260424113253.jpg,raw_datasets_terracepacels/siamese_terrace_94/IMG20260424113311.jpg,1
raw_datasets_terracepacels/siamese_terrace_75/IMG20260424110930.jpg,raw_datasets_terracepacels/siamese_terrace_75/IMG20260424111001.jpg,1
raw_datasets_terracepacels/siamese_terrace_94/IMG20260424113311.jpg,raw_datasets_terracepacels/siamese_terrace_46/IMG20260424102123.jpg,0
raw_datasets_terracepacels/siamese_terrace_37/IMG20260424100945.jpg,raw_datasets_terracepacels/siamese_terrace_8/IMG20260423173641.jpg,0
raw_datasets_terracepacels/siamese_terrace_38/IMG20260424101043.jpg,raw_datasets_terracepacels/siamese_terrace_38/IMG20260424101101.jpg,1
raw_datasets_terracepacels/siamese_terrace_24/IMG20260423175834.jpg,raw_datasets_terracepacels/siamese_terrace_24/IMG20260423175852.jpg,1
raw_datasets_terracepacels/siamese_terrace_36/IMG20260423181612.jpg,raw_datasets_terracepacels/siamese_terrace_36/IMG20260423181622.jpg,1
raw_datasets_terracepacels/siamese_terrace_25/IMG20260423175926.jpg,raw_datasets_terracepacels/siamese_terrace_25/IMG20260423175950.jpg,1
raw_datasets_terracepacels/siamese_terrace_32/IMG20260423181213.jpg,raw_datasets_terracepacels/siamese_terrace_55/IMG20260424103533.jpg,0
raw_datasets_terracepacels/siamese_terrace_23/IMG20260423175820.jpg,raw_datasets_terracepacels/siamese_terrace_47/IMG20260424102216.jpg,0
raw_datasets_terracepacels/siamese_terrace_26/IMG20260423180020.jpg,raw_datasets_terracepacels/siamese_terrace_45/IMG20260424102050.jpg,0
raw_datasets_terracepacels/siamese_terrace_31/IMG20260423181051.jpg,raw_datasets_terracepacels/siamese_terrace_31/IMG20260423181105.jpg,1
raw_datasets_terracepacels/siamese_terrace_46/IMG20260424102109.jpg,raw_datasets_terracepacels/siamese_terrace_46/IMG20260424102123.jpg,1
raw_datasets_terracepacels/siamese_terrace_18/IMG20260423175342.jpg,raw_datasets_terracepacels/siamese_terrace_18/IMG20260423175358.jpg,1
raw_datasets_terracepacels/siamese_terrace_52/IMG20260424102953.jpg,raw_datasets_terracepacels/siamese_terrace_52/IMG20260424103008.jpg,1
raw_datasets_terracepacels/siamese_terrace_64/IMG20260424105605.jpg,raw_datasets_terracepacels/siamese_terrace_64/IMG20260424105625.jpg,1
raw_datasets_terracepacels/siamese_terrace_7/IMG20260423173214.jpg,raw_datasets_terracepacels/siamese_terrace_44/IMG20260424101815.jpg,0
raw_datasets_terracepacels/siamese_terrace_76/IMG20260424111022.jpg,raw_datasets_terracepacels/siamese_terrace_76/IMG20260424111038.jpg,1
raw_datasets_terracepacels/siamese_terrace_77/IMG20260424111139.jpg,raw_datasets_terracepacels/siamese_terrace_77/IMG20260424111151.jpg,1
raw_datasets_terracepacels/siamese_terrace_67/IMG20260424105922.jpg,raw_datasets_terracepacels/siamese_terrace_83/IMG20260424112407.jpg,0
raw_datasets_terracepacels/siamese_terrace_49/IMG20260424102512.jpg,raw_datasets_terracepacels/siamese_terrace_77/IMG20260424111139.jpg,0
raw_datasets_terracepacels/siamese_terrace_91/IMG20260424113100.jpg,raw_datasets_terracepacels/siamese_terrace_91/IMG20260424113103.jpg,1
raw_datasets_terracepacels/siamese_terrace_19/IMG20260423175419.jpg,raw_datasets_terracepacels/siamese_terrace_86/IMG20260424112702.jpg,0
raw_datasets_terracepacels/siamese_terrace_75/IMG20260424110938.jpg,raw_datasets_terracepacels/siamese_terrace_75/IMG20260424110952.jpg,1
raw_datasets_terracepacels/siamese_terrace_58/IMG20260424104148.jpg,raw_datasets_terracepacels/siamese_terrace_58/IMG20260424104154.jpg,1
raw_datasets_terracepacels/siamese_terrace_69/IMG20260424110152.jpg,raw_datasets_terracepacels/siamese_terrace_69/IMG20260424110159.jpg,1
raw_datasets_terracepacels/siamese_terrace_53/IMG20260424103036.jpg,raw_datasets_terracepacels/siamese_terrace_53/IMG20260424103049.jpg,1
raw_datasets_terracepacels/siamese_terrace_30/IMG20260423181007.jpg,raw_datasets_terracepacels/siamese_terrace_30/IMG20260423181013.jpg,1
raw_datasets_terracepacels/siamese_terrace_13/IMG20260423174826.jpg,raw_datasets_terracepacels/siamese_terrace_55/IMG20260424103555.jpg,0
raw_datasets_terracepacels/siamese_terrace_65/IMG20260424105649.jpg,raw_datasets_terracepacels/siamese_terrace_81/IMG20260424111430.jpg,0
raw_datasets_terracepacels/siamese_terrace_14/IMG20260423174908.jpg,raw_datasets_terracepacels/siamese_terrace_14/IMG20260423174918.jpg,1
raw_datasets_terracepacels/siamese_terrace_88/IMG20260424112828.jpg,raw_datasets_terracepacels/siamese_terrace_21/IMG20260423175632.jpg,0
raw_datasets_terracepacels/siamese_terrace_47/IMG20260424102154.jpg,raw_datasets_terracepacels/siamese_terrace_24/IMG20260423175852.jpg,0
raw_datasets_terracepacels/siamese_terrace_18/IMG20260423175342.jpg,raw_datasets_terracepacels/siamese_terrace_18/IMG20260423175402.jpg,1
raw_datasets_terracepacels/siamese_terrace_91/IMG20260424113103.jpg,raw_datasets_terracepacels/siamese_terrace_91/IMG20260424113108.jpg,1
raw_datasets_terracepacels/siamese_terrace_10/IMG20260423173821.jpg,raw_datasets_terracepacels/siamese_terrace_35/IMG20260423181516.jpg,0
raw_datasets_terracepacels/siamese_terrace_31/IMG20260423181038.jpg,raw_datasets_terracepacels/siamese_terrace_31/IMG20260423181105.jpg,1
raw_datasets_terracepacels/siamese_terrace_17/IMG20260423175319.jpg,raw_datasets_terracepacels/siamese_terrace_10/IMG20260423173827.jpg,0
raw_datasets_terracepacels/siamese_terrace_22/IMG20260423175721.jpg,raw_datasets_terracepacels/siamese_terrace_22/IMG20260423175734.jpg,1
raw_datasets_terracepacels/siamese_terrace_44/IMG20260424101844.jpg,raw_datasets_terracepacels/siamese_terrace_46/IMG20260424102134.jpg,0
raw_datasets_terracepacels/siamese_terrace_20/IMG20260423175445.jpg,raw_datasets_terracepacels/siamese_terrace_20/IMG20260423175504.jpg,1
raw_datasets_terracepacels/siamese_terrace_39/IMG20260424101146.jpg,raw_datasets_terracepacels/siamese_terrace_15/IMG20260423175006.jpg,0
raw_datasets_terracepacels/siamese_terrace_93/IMG20260424113227.jpg,raw_datasets_terracepacels/siamese_terrace_76/IMG20260424111053.jpg,0
raw_datasets_terracepacels/siamese_terrace_87/IMG20260424112753.jpg,raw_datasets_terracepacels/siamese_terrace_87/IMG20260424112811.jpg,1
raw_datasets_terracepacels/siamese_terrace_76/IMG20260424111022.jpg,raw_datasets_terracepacels/siamese_terrace_66/IMG20260424105829.jpg,0
raw_datasets_terracepacels/siamese_terrace_95/IMG20260424113335.jpg,raw_datasets_terracepacels/siamese_terrace_95/IMG20260424113345.jpg,1
raw_datasets_terracepacels/siamese_terrace_46/IMG20260424102109.jpg,raw_datasets_terracepacels/siamese_terrace_15/IMG20260423175026.jpg,0
raw_datasets_terracepacels/siamese_terrace_52/IMG20260424102944.jpg,raw_datasets_terracepacels/siamese_terrace_52/IMG20260424102953.jpg,1
raw_datasets_terracepacels/siamese_terrace_10/IMG20260423173827.jpg,raw_datasets_terracepacels/siamese_terrace_10/IMG20260423173834.jpg,1
raw_datasets_terracepacels/siamese_terrace_22/IMG20260423175711.jpg,raw_datasets_terracepacels/siamese_terrace_22/IMG20260423175721.jpg,1
raw_datasets_terracepacels/siamese_terrace_66/IMG20260424105808.jpg,raw_datasets_terracepacels/siamese_terrace_66/IMG20260424105835.jpg,1
raw_datasets_terracepacels/siamese_terrace_31/IMG20260423181047.jpg,raw_datasets_terracepacels/siamese_terrace_9/IMG20260423173738.jpg,0
raw_datasets_terracepacels/siamese_terrace_33/IMG20260423181329.jpg,raw_datasets_terracepacels/siamese_terrace_33/IMG20260423181341.jpg,1
raw_datasets_terracepacels/siamese_terrace_14/IMG20260423174856.jpg,raw_datasets_terracepacels/siamese_terrace_14/IMG20260423174918.jpg,1
raw_datasets_terracepacels/siamese_terrace_92/IMG20260424113141.jpg,raw_datasets_terracepacels/siamese_terrace_67/IMG20260424105936.jpg,0
raw_datasets_terracepacels/siamese_terrace_69/IMG20260424110152.jpg,raw_datasets_terracepacels/siamese_terrace_78/IMG20260424111227.jpg,0
raw_datasets_terracepacels/siamese_terrace_53/IMG20260424103049.jpg,raw_datasets_terracepacels/siamese_terrace_53/IMG20260424103059.jpg,1
raw_datasets_terracepacels/siamese_terrace_47/IMG20260424102223.jpg,raw_datasets_terracepacels/siamese_terrace_81/IMG20260424111453.jpg,0
raw_datasets_terracepacels/siamese_terrace_47/IMG20260424102154.jpg,raw_datasets_terracepacels/siamese_terrace_47/IMG20260424102203.jpg,1
raw_datasets_terracepacels/siamese_terrace_24/IMG20260423175829.jpg,raw_datasets_terracepacels/siamese_terrace_24/IMG20260423175844.jpg,1
raw_datasets_terracepacels/siamese_terrace_73/IMG20260424110757.jpg,raw_datasets_terracepacels/siamese_terrace_73/IMG20260424110801.jpg,1
raw_datasets_terracepacels/siamese_terrace_94/IMG20260424113307.jpg,raw_datasets_terracepacels/siamese_terrace_48/IMG20260424102315.jpg,0
raw_datasets_terracepacels/siamese_terrace_83/IMG20260424112424.jpg,raw_datasets_terracepacels/siamese_terrace_14/IMG20260423174856.jpg,0
raw_datasets_terracepacels/siamese_terrace_88/IMG20260424112828.jpg,raw_datasets_terracepacels/siamese_terrace_88/IMG20260424112835.jpg,1
raw_datasets_terracepacels/siamese_terrace_30/IMG20260423181024.jpg,raw_datasets_terracepacels/siamese_terrace_48/IMG20260424102300.jpg,0
raw_datasets_terracepacels/siamese_terrace_30/IMG20260423181007.jpg,raw_datasets_terracepacels/siamese_terrace_65/IMG20260424105649.jpg,0
raw_datasets_terracepacels/siamese_terrace_1/IMG20260423172315.jpg,raw_datasets_terracepacels/siamese_terrace_1/IMG20260423172343.jpg,1
raw_datasets_terracepacels/siamese_terrace_79/IMG20260424111327.jpg,raw_datasets_terracepacels/siamese_terrace_79/IMG20260424111342.jpg,1
